idx,ts_base,ts_target,last_close,actual_close,p_up,gen_distinct,gen_mean,gen_sd,p_vol_amp,pred_rv,trail_rv,act_rv
512,2024-07-30 07:00:00,2024-07-31 07:00:00,1.08197,1.08243,0.23333333333333334,30,1.0804470300674438,0.0019073683359201326,0.06666666666666667,0.001790330524650364,0.002676371479126136,0.0028765398176283947
536,2024-07-31 07:00:00,2024-08-01 07:00:00,1.08243,1.08268,0.1,30,1.0798139413197836,0.0016323928225834671,0.03333333333333333,0.0018228442767323138,0.0028765398176283947,0.003238120769541994
560,2024-08-01 07:00:00,2024-08-02 07:00:00,1.08268,1.08037,0.06666666666666667,30,1.0796199282010397,0.0015858593030242836,0.0,0.0020337784803009826,0.003238120769541994,0.0032026881995966794
584,2024-08-02 07:00:00,2024-08-05 07:00:00,1.08037,1.09119,0.6333333333333333,30,1.080773373444875,0.0008909709229023696,0.0,0.0016800243087928969,0.0032026881995966794,0.006757725563379952
608,2024-08-05 07:00:00,2024-08-06 07:00:00,1.09119,1.09458,0.0,30,1.0864938974380494,0.001974041546945397,0.0,0.002614272123986973,0.006757725563379952,0.005870380196529281
632,2024-08-06 07:00:00,2024-08-07 07:00:00,1.09458,1.09098,0.0,30,1.0889653007189433,0.0019285240756877775,0.03333333333333333,0.002857546333552526,0.005870380196529281,0.0033933622359905973
656,2024-08-07 07:00:00,2024-08-08 07:00:00,1.09098,1.09353,0.1,30,1.0890313545862833,0.0012428973214340241,0.0,0.0018516058466225857,0.0033933622359905973,0.0020397281695215927
680,2024-08-08 07:00:00,2024-08-09 07:00:00,1.09353,1.0919,0.03333333333333333,30,1.0901524821917217,0.0017694832844237104,0.6,0.0021718530650465103,0.0020397281695215927,0.0037235769552358315
704,2024-08-09 07:00:00,2024-08-12 07:00:00,1.0919,1.0918,0.1,30,1.0905463457107545,0.0012039688952564284,0.0,0.0015025442729510881,0.0037235769552358315,0.0018733864112799414
728,2024-08-12 07:00:00,2024-08-13 07:00:00,1.0918,1.09393,0.36666666666666664,30,1.0913886825243633,0.0009257158471663102,0.0,0.0011533792231543242,0.0018733864112799414,0.0018034401894842043
752,2024-08-13 07:00:00,2024-08-14 07:00:00,1.09393,1.09902,0.0,30,1.0923392653465271,0.000693690600100211,0.06666666666666667,0.001349126305617447,0.0018034401894842043,0.0036301794212426045
776,2024-08-14 07:00:00,2024-08-15 07:00:00,1.09902,1.10091,0.0,30,1.0939732710520427,0.0015695370060729997,0.13333333333333333,0.002909309720286993,0.0036301794212426045,0.002980041585522828
800,2024-08-15 07:00:00,2024-08-16 07:00:00,1.10091,1.09849,0.26666666666666666,30,1.097515877087911,0.00350421601956193,0.3333333333333333,0.0026198446517545757,0.002980041585522828,0.005676060861774294
824,2024-08-16 07:00:00,2024-08-19 07:00:00,1.09849,1.10471,0.0,30,1.0956169406572978,0.0013792922354369914,0.0,0.00199022515928022,0.005676060861774294,0.0025397483699414365
848,2024-08-19 07:00:00,2024-08-20 07:00:00,1.10471,1.10761,0.0,30,1.0952988028526307,0.0027927639879788573,0.9333333333333333,0.004639051565685286,0.0025397483699414365,0.00251409781612362
872,2024-08-20 07:00:00,2024-08-21 07:00:00,1.10761,1.11172,0.0,30,1.0978920300801596,0.0045257527475711995,0.9,0.005731465938205736,0.00251409781612362,0.002543843384690388
896,2024-08-21 07:00:00,2024-08-22 07:00:00,1.11172,1.11425,0.0,30,1.0986091454823812,0.0034246685008960122,1.0,0.006998780652504119,0.002543843384690388,0.0031285027620734833
920,2024-08-22 07:00:00,2024-08-23 07:00:00,1.11425,1.11255,0.1,30,1.106753913561503,0.006711131482911021,0.6666666666666666,0.005179956200624113,0.0031285027620734833,0.0029235241721712454
944,2024-08-23 07:00:00,2024-08-26 07:00:00,1.11255,1.11785,0.0,30,1.1058547298113506,0.0031308464648362724,0.5333333333333333,0.0033563799302011106,0.0029235241721712454,0.005875371534352276
968,2024-08-26 07:00:00,2024-08-27 07:00:00,1.11785,1.11661,0.3333333333333333,30,1.1135398864746093,0.005746876762710461,0.13333333333333333,0.004312773438632448,0.005875371534352276,0.0024691906571156354
992,2024-08-27 07:00:00,2024-08-28 07:00:00,1.11661,1.11432,0.3,30,1.1138775865236918,0.003539054918996887,0.5,0.002586478142688105,0.0024691906571156354,0.002746662137249385
1016,2024-08-28 07:00:00,2024-08-29 07:00:00,1.11432,1.11352,0.0,30,1.1118722716967264,0.0010981216236199546,0.06666666666666667,0.0020301621660647026,0.002746662137249385,0.003326554719466486
1040,2024-08-29 07:00:00,2024-08-30 07:00:00,1.11352,1.10766,0.03333333333333333,29,1.1110090017318726,0.0015609044398588372,0.0,0.0017191119760995844,0.003326554719466486,0.004840405674412064
1064,2024-08-30 07:00:00,2024-09-02 07:00:00,1.10766,1.10546,0.3333333333333333,30,1.1070815483729044,0.0013896509155411827,0.0,0.002370491429450216,0.004840405674412064,0.0025885385886010074
1088,2024-09-02 07:00:00,2024-09-03 07:00:00,1.10546,1.10591,0.8333333333333334,30,1.105901877085368,0.00109285892178467,0.0,0.0015081610572228084,0.0025885385886010074,0.0019191350303221734
1112,2024-09-03 07:00:00,2024-09-04 07:00:00,1.10591,1.10573,0.6333333333333333,29,1.1061152617136638,0.001012231510412006,0.1,0.0014670277051022338,0.0019191350303221734,0.002811839016600086
1136,2024-09-04 07:00:00,2024-09-05 07:00:00,1.10573,1.10797,0.5,30,1.1057895302772522,0.0008852355361729359,0.0,0.0016231989397620422,0.002811839016600086,0.003794353782824079
1160,2024-09-05 07:00:00,2024-09-06 07:00:00,1.10797,1.11165,0.13333333333333333,30,1.1066302855809529,0.0012540092621582087,0.0,0.0016409780519552213,0.003794353782824079,0.0032007302135315953
1184,2024-09-06 07:00:00,2024-09-09 07:00:00,1.11165,1.10685,0.03333333333333333,30,1.108090337117513,0.0021483313800361647,0.03333333333333333,0.002094587894520759,0.0032007302135315953,0.004569438839169739
1208,2024-09-09 07:00:00,2024-09-10 07:00:00,1.10685,1.1039,0.43333333333333335,30,1.105334957440694,0.0028828988125441163,0.0,0.0016750810111184043,0.004569438839169739,0.0025847388561201063
1232,2024-09-10 07:00:00,2024-09-11 07:00:00,1.1039,1.10433,0.23333333333333334,30,1.102524737517039,0.002006336970002795,0.0,0.0016424069725871177,0.0025847388561201063,0.002817025067391529
1256,2024-09-11 07:00:00,2024-09-12 07:00:00,1.10433,1.10215,0.1,30,1.1020426114400228,0.002334263884910609,0.0,0.001837597636562862,0.002817025067391529,0.0029144699800152415
1280,2024-09-12 07:00:00,2024-09-13 07:00:00,1.10215,1.10822,0.43333333333333335,30,1.1021925608317058,0.0009645199976698162,0.0,0.001884469244576314,0.0029144699800152415,0.002968342141897246
1304,2024-09-13 07:00:00,2024-09-16 07:00:00,1.10822,1.10978,0.06666666666666667,30,1.1055662552515666,0.0018436543970810728,0.13333333333333333,0.002406462741501313,0.002968342141897246,0.002539191728893599
1328,2024-09-16 07:00:00,2024-09-17 07:00:00,1.10978,1.11263,0.0,30,1.104771892229716,0.0024246931560028906,0.3,0.002352377101255881,0.002539191728893599,0.002278600114723799
1352,2024-09-17 07:00:00,2024-09-18 07:00:00,1.11263,1.112,0.0,30,1.110231884320577,0.0012808144573335132,0.1,0.0018482618247594844,0.002278600114723799,0.003039592788068231
1376,2024-09-18 07:00:00,2024-09-19 07:00:00,1.112,1.11307,0.3,30,1.11143505970637,0.0011787508781696376,0.0,0.0017456686214546234,0.003039592788068231,0.006670150264764684
1400,2024-09-19 07:00:00,2024-09-20 07:00:00,1.11307,1.11633,0.5666666666666667,30,1.1130226413408915,0.0011912327542129922,0.0,0.002142100994108263,0.006670150264764684,0.004481012547236623
1424,2024-09-20 07:00:00,2024-09-23 07:00:00,1.11633,1.11624,0.03333333333333333,30,1.1144463698069254,0.0012230185311130268,0.0,0.002326101884521827,0.004481012547236623,0.003790354048021921
1448,2024-09-23 07:00:00,2024-09-24 07:00:00,1.11624,1.11159,0.1,30,1.1147935271263123,0.0009184811109647171,0.0,0.0017751786512375848,0.003790354048021921,0.005637660951904011
1472,2024-09-24 07:00:00,2024-09-25 07:00:00,1.11159,1.11953,0.9666666666666667,30,1.1141146103541055,0.0014229701819420545,0.0,0.0020802957983304454,0.005637660951904011,0.0030391026908039667
1496,2024-09-25 07:00:00,2024-09-26 07:00:00,1.11953,1.11489,0.0,30,1.116161549091339,0.0014307554047451676,0.23333333333333334,0.00270867928104068,0.0030391026908039667,0.003863311055793618
1520,2024-09-26 07:00:00,2024-09-27 07:00:00,1.11489,1.11634,0.23333333333333334,30,1.114001468817393,0.0013030452306424401,0.0,0.0015870539825484308,0.003863311055793618,0.004024465704812767
1544,2024-09-27 07:00:00,2024-09-30 07:00:00,1.11634,1.11661,0.03333333333333333,30,1.1138316591580708,0.0013307510778636567,0.0,0.0022826911907154706,0.004024465704812767,0.005238717292801656
1568,2024-09-30 07:00:00,2024-10-01 07:00:00,1.11661,1.11371,0.0,30,1.11309361855189,0.0016598793402201855,0.0,0.002105203785615278,0.005238717292801656,0.004867351278787778
1592,2024-10-01 07:00:00,2024-10-02 07:00:00,1.11371,1.10617,0.23333333333333334,30,1.112783145904541,0.0011390954903292435,0.0,0.001872573558088474,0.004867351278787778,0.0034595598324615425
1616,2024-10-02 07:00:00,2024-10-03 07:00:00,1.10617,1.10281,0.9666666666666667,30,1.1096284151077271,0.0018192242635379618,0.0,0.0022498653273592493,0.0034595598324615425,0.003317855887044289
1640,2024-10-03 07:00:00,2024-10-04 07:00:00,1.10281,1.10328,1.0,30,1.1081647713979086,0.002317699536179198,0.13333333333333333,0.0026516955517910715,0.003317855887044289,0.0029995778157663176
1664,2024-10-04 07:00:00,2024-10-07 07:00:00,1.10328,1.09686,1.0,30,1.1077049096425375,0.001777234361334021,0.23333333333333334,0.0026605699819777897,0.0029995778157663176,0.006791050311944787
1688,2024-10-07 07:00:00,2024-10-08 07:00:00,1.09686,1.09826,1.0,30,1.1075113972028097,0.0032257890952793666,0.06666666666666667,0.004502104542354658,0.006791050311944787,0.0024324252503533567
1712,2024-10-08 07:00:00,2024-10-09 07:00:00,1.09826,1.09727,1.0,30,1.1053821961085002,0.0018989257233462467,0.8666666666666667,0.002842768006437869,0.0024324252503533567,0.0023400278370210455
1736,2024-10-09 07:00:00,2024-10-10 07:00:00,1.09727,1.09387,1.0,30,1.1029466390609741,0.0021146168184477013,0.8666666666666667,0.002877667895687826,0.0023400278370210455,0.002092735921945472
1760,2024-10-10 07:00:00,2024-10-11 07:00:00,1.09387,1.09352,1.0,30,1.1014149864514668,0.0024185339708528214,1.0,0.0032675794680188967,0.002092735921945472,0.0033724090710035262
1784,2024-10-11 07:00:00,2024-10-14 07:00:00,1.09352,1.09256,1.0,30,1.0995503743489583,0.0018176060926903277,0.26666666666666666,0.0030644213302333185,0.0033724090710035262,0.0018497996751433037
1808,2024-10-14 07:00:00,2024-10-15 07:00:00,1.09256,1.08912,1.0,30,1.1049563964207967,0.0032463477716840163,0.9666666666666667,0.005274750300571304,0.0018497996751433037,0.0021719338663185456
1832,2024-10-15 07:00:00,2024-10-16 07:00:00,1.08912,1.08874,1.0,30,1.098482350508372,0.003717671848708455,0.9666666666666667,0.004035672072763838,0.0021719338663185456,0.0024040900845360164
1856,2024-10-16 07:00:00,2024-10-17 07:00:00,1.08874,1.08542,1.0,30,1.0955627838770547,0.0032210033931819567,1.0,0.0035795893231868,0.0024040900845360164,0.0024601719084435363
1880,2024-10-17 07:00:00,2024-10-18 07:00:00,1.08542,1.08429,0.9666666666666667,30,1.090329639116923,0.0022242655303072903,0.9666666666666667,0.003366775572663272,0.0024601719084435363,0.0028529694958567414
1904,2024-10-18 07:00:00,2024-10-21 07:00:00,1.08429,1.08595,0.9666666666666667,30,1.088617777824402,0.0030855235184468026,0.8,0.0035980787492129068,0.0028529694958567414,0.002091281286202316
1928,2024-10-21 07:00:00,2024-10-22 07:00:00,1.08595,1.08187,0.5666666666666667,30,1.0870758295059204,0.003207823965116108,0.7666666666666667,0.002497784700395749,0.002091281286202316,0.002671593125758086
1952,2024-10-22 07:00:00,2024-10-23 07:00:00,1.08187,1.0806,0.9333333333333333,30,1.085166331132253,0.00224538679023305,0.7666666666666667,0.0029342121852665676,0.002671593125758086,0.0028491693345627867
1976,2024-10-23 07:00:00,2024-10-24 07:00:00,1.0806,1.07881,0.8333333333333334,30,1.083122988541921,0.002951329419435798,0.4666666666666667,0.002977635153990578,0.0028491693345627867,0.0031662562516150583
2000,2024-10-24 07:00:00,2024-10-25 07:00:00,1.07881,1.08212,0.7,30,1.079545255502065,0.0017506041420241615,0.1,0.002615388532366032,0.0031662562516150583,0.0022311393910430764
2024,2024-10-25 07:00:00,2024-10-28 06:00:00,1.08212,1.07872,0.6666666666666666,30,1.0838924845059712,0.003565890119168372,0.6333333333333333,0.0024950583498234776,0.0022311393910430764,0.002869847936056753
2048,2024-10-28 06:00:00,2024-10-29 06:00:00,1.07872,1.08106,0.6666666666666666,30,1.081185758113861,0.003455100915301955,0.4,0.0029094720236494853,0.002869847936056753,0.0022993662443822104
2072,2024-10-29 06:00:00,2024-10-30 06:00:00,1.08106,1.08151,0.6,30,1.081722863515218,0.0020385440744719405,0.3,0.002093710553689606,0.0022993662443822104,0.003236906729707798
2096,2024-10-30 06:00:00,2024-10-31 06:00:00,1.08151,1.08509,0.7666666666666667,30,1.083173402150472,0.0027461367144653082,0.0,0.0022466807317617714,0.003236906729707798,0.004120790219553514
2120,2024-10-31 06:00:00,2024-11-01 06:00:00,1.08509,1.08711,0.9666666666666667,30,1.0889942407608033,0.002766191067308427,0.0,0.0025276933232471883,0.004120790219553514,0.0030901064555239636
2144,2024-11-01 06:00:00,2024-11-04 07:00:00,1.08711,1.08912,1.0,30,1.0918955167134603,0.0022529337299066286,0.26666666666666666,0.0026146055118313406,0.0030901064555239636,0.005780197544022844
2168,2024-11-04 07:00:00,2024-11-05 07:00:00,1.08912,1.08804,0.9666666666666667,30,1.0930017789204916,0.0022590496174249228,0.0,0.0023471210653528483,0.005780197544022844,0.002455701505146303
2192,2024-11-05 07:00:00,2024-11-06 07:00:00,1.08804,1.07247,0.9666666666666667,30,1.0894134958585104,0.0011906075548854176,0.03333333333333333,0.0016108628738616341,0.002455701505146303,0.012585200239292313
2216,2024-11-06 07:00:00,2024-11-07 07:00:00,1.07247,1.07496,0.9333333333333333,30,1.0923696875572204,0.007128576035537787,0.4666666666666667,0.012100177497517213,0.012585200239292313,0.007561124572208529
2240,2024-11-07 07:00:00,2024-11-08 07:00:00,1.07496,1.07767,0.9333333333333333,30,1.084411350886027,0.006868882749165439,0.1,0.004688162087197629,0.007561124572208529,0.005323453502268794
2264,2024-11-08 07:00:00,2024-11-11 08:00:00,1.07767,1.06896,0.9,30,1.0828601161638896,0.004387015917783916,0.06666666666666667,0.003705926361568485,0.005323453502268794,0.005285399494548375
2288,2024-11-11 08:00:00,2024-11-12 08:00:00,1.06896,1.06318,0.9666666666666667,30,1.0811212658882141,0.0059944639301313125,0.6,0.006972223164419176,0.005285399494548375,0.002701379137497733
2312,2024-11-12 08:00:00,2024-11-13 08:00:00,1.06318,1.06026,1.0,30,1.0787838260332743,0.007800008264333192,1.0,0.01168986950524929,0.002701379137497733,0.0030794827481474972
2336,2024-11-13 08:00:00,2024-11-14 08:00:00,1.06026,1.05506,1.0,30,1.0768690586090088,0.006682457744755343,0.9666666666666667,0.00971075935969309,0.0030794827481474972,0.006330647891027958
2360,2024-11-14 08:00:00,2024-11-15 08:00:00,1.05506,1.05561,1.0,30,1.07561145623525,0.008352564950440632,0.7333333333333333,0.012645306167824529,0.006330647891027958,0.0055349594946212995
2384,2024-11-15 08:00:00,2024-11-18 08:00:00,1.05561,1.05468,1.0,30,1.0663774132728576,0.005336582862310808,0.5,0.007204028553263383,0.0055349594946212995,0.004772334569958188
2408,2024-11-18 08:00:00,2024-11-19 08:00:00,1.05468,1.05768,0.9666666666666667,30,1.0687833905220032,0.006914308441436943,0.6666666666666666,0.006732312342459913,0.004772334569958188,0.004201018144133459
2432,2024-11-19 08:00:00,2024-11-20 08:00:00,1.05768,1.05779,0.9666666666666667,30,1.0661928613980611,0.004713187422498503,0.5,0.0045089849696189855,0.004201018144133459,0.0038581772629224733
2456,2024-11-20 08:00:00,2024-11-21 08:00:00,1.05779,1.0536,0.9666666666666667,30,1.0640316406885784,0.004420507220501773,0.4,0.0037533540607216443,0.0038581772629224733,0.003920001942678816
2480,2024-11-21 08:00:00,2024-11-22 08:00:00,1.0536,1.04857,1.0,30,1.0631197611490886,0.0038993977163947592,0.8666666666666667,0.005217347590378282,0.003920001942678816,0.005532312347662455
2504,2024-11-22 08:00:00,2024-11-25 08:00:00,1.04857,1.04499,0.9666666666666667,30,1.056603157520294,0.004285688129838801,0.2,0.0048320997931114735,0.005532312347662455,0.010520229412844428
2528,2024-11-25 08:00:00,2024-11-26 08:00:00,1.04499,1.04713,1.0,30,1.0525294462839763,0.004035171861991147,0.03333333333333333,0.005933537530586327,0.010520229412844428,0.00830473910653631
2552,2024-11-26 08:00:00,2024-11-27 08:00:00,1.04713,1.04977,0.8,30,1.0530725518862407,0.006154341576569365,0.06666666666666667,0.004972559635467482,0.00830473910653631,0.00478144388338512
2576,2024-11-27 08:00:00,2024-11-28 08:00:00,1.04977,1.05406,0.8666666666666667,30,1.0545894622802734,0.004341204559368345,0.4,0.004622116030000422,0.00478144388338512,0.0054602192070991795
2600,2024-11-28 08:00:00,2024-11-29 08:00:00,1.05406,1.05792,0.8666666666666667,30,1.0581327120463053,0.0040834255405308014,0.03333333333333333,0.0035270069062630785,0.0054602192070991795,0.0035247074609460736
2624,2024-11-29 08:00:00,2024-12-02 08:00:00,1.05792,1.05024,0.8333333333333334,30,1.061878740787506,0.003981343690217792,0.43333333333333335,0.003694310857776877,0.0035247074609460736,0.00513389677024441
2648,2024-12-02 08:00:00,2024-12-03 08:00:00,1.05024,1.04976,0.9333333333333333,29,1.0556581656138102,0.004444713234406451,0.1,0.0038399505591282146,0.00513389677024441,0.004735406027563703
2672,2024-12-03 08:00:00,2024-12-04 08:00:00,1.04976,1.05087,0.5,30,1.0495288848876954,0.0024739295063063806,0.0,0.002932688932906503,0.004735406027563703,0.005081531652256762
2696,2024-12-04 08:00:00,2024-12-05 08:00:00,1.05087,1.05347,0.6,30,1.0513782540957133,0.0018977496972437105,0.0,0.002935071431945906,0.005081531652256762,0.0051594366277141574
2720,2024-12-05 08:00:00,2024-12-06 08:00:00,1.05347,1.05833,0.7666666666666667,30,1.058308219909668,0.004829972240766688,0.13333333333333333,0.00422066334847242,0.0051594366277141574,0.0040672740328451746
2744,2024-12-06 08:00:00,2024-12-09 08:00:00,1.05833,1.05638,0.7666666666666667,30,1.0596015691757201,0.0016099113361408293,0.03333333333333333,0.0029421978364217996,0.0040672740328451746,0.004986388753272664
2768,2024-12-09 08:00:00,2024-12-10 08:00:00,1.05638,1.05479,0.9,30,1.0606569409370423,0.0032441742983024577,0.03333333333333333,0.00339590107652344,0.004986388753272664,0.0037715529287478547
2792,2024-12-10 08:00:00,2024-12-11 08:00:00,1.05479,1.04896,1.0,30,1.0590544978777567,0.003536457406476729,0.2,0.00309422151489441,0.0037715529287478547,0.004506953308236833
2816,2024-12-11 08:00:00,2024-12-12 08:00:00,1.04896,1.05157,0.9666666666666667,30,1.0566332300504049,0.0030767171149506823,0.23333333333333334,0.0039615817301134155,0.004506953308236833,0.0046545478513806025
2840,2024-12-12 08:00:00,2024-12-13 08:00:00,1.05157,1.04591,1.0,30,1.0564810196558634,0.0016219014454517105,0.0,0.0028360938110567643,0.0046545478513806025,0.0076246343877776936
2864,2024-12-13 08:00:00,2024-12-16 08:00:00,1.04591,1.05046,1.0,30,1.0533502538998922,0.0011913222685016323,0.0,0.0037816939711469858,0.0076246343877776936,0.004492975869606121
2888,2024-12-16 08:00:00,2024-12-17 08:00:00,1.05046,1.0497,1.0,30,1.053977088133494,0.0013459076050112986,0.0,0.002783487902273248,0.004492975869606121,0.00462939598996897
2912,2024-12-17 08:00:00,2024-12-18 08:00:00,1.0497,1.04965,1.0,30,1.0538918932278951,0.0013904283326916635,0.0,0.002776260159477165,0.00462939598996897,0.002562256275577807
2936,2024-12-18 08:00:00,2024-12-19 08:00:00,1.04965,1.03944,1.0,30,1.0540273189544678,0.0019292521509121593,0.6333333333333333,0.0028646331475929905,0.002562256275577807,0.01122218274742823
2960,2024-12-19 08:00:00,2024-12-20 08:00:00,1.03944,1.03823,1.0,30,1.0478848139444987,0.003321378831125183,0.06666666666666667,0.005417151161828064,0.01122218274742823,0.0042044558553738925
2984,2024-12-20 08:00:00,2024-12-23 08:00:00,1.03823,1.04123,1.0,30,1.0461376786231995,0.002791473396459684,0.5,0.004662451468115339,0.0042044558553738925,0.005045336655164896
3008,2024-12-23 08:00:00,2024-12-24 08:00:00,1.04123,1.03899,1.0,30,1.0453465024630229,0.0012058413965035585,0.0,0.0029151929680393475,0.005045336655164896,0.0035809027745314376
3032,2024-12-24 08:00:00,2024-12-26 08:00:00,1.03899,1.03971,1.0,30,1.0471717317899067,0.002399740738189729,0.3333333333333333,0.0035542188171919496,0.0035809027745314376,0.0024667634386176663
3056,2024-12-26 08:00:00,2024-12-27 08:00:00,1.03971,1.04211,1.0,30,1.0433387160301208,0.00202743930928102,0.6,0.002592967289024244,0.0024667634386176663,0.0024529661560332597
3080,2024-12-27 08:00:00,2024-12-30 08:00:00,1.04211,1.04262,0.9,30,1.0444669047991435,0.001821317924320811,0.36666666666666664,0.002387813667476288,0.0024529661560332597,0.00291335505267861
3104,2024-12-30 08:00:00,2024-12-31 08:00:00,1.04262,1.04114,0.8333333333333334,30,1.0453877727190652,0.0022990343499574165,0.0,0.0023504987242440748,0.00291335505267861,0.007463964978350568
3128,2024-12-31 08:00:00,2025-01-02 08:00:00,1.04114,1.03624,1.0,30,1.0453673283259073,0.0023235541369393013,0.0,0.002594018279555003,0.007463964978350568,0.0037066766886999446
3152,2025-01-02 08:00:00,2025-01-03 08:00:00,1.03624,1.028,1.0,30,1.0434733311335245,0.002491641655363299,0.23333333333333334,0.003277141835182947,0.0037066766886999446,0.005684791067304155
3176,2025-01-03 08:00:00,2025-01-06 08:00:00,1.028,1.03269,1.0,30,1.0355230967203777,0.00273231224413456,0.1,0.004355937715634545,0.005684791067304155,0.00332242338832003
3200,2025-01-06 08:00:00,2025-01-07 08:00:00,1.03269,1.04138,0.9333333333333333,30,1.0364985505739848,0.002658469205032948,0.2,0.0028924357761573203,0.00332242338832003,0.009545458960003294
3224,2025-01-07 08:00:00,2025-01-08 08:00:00,1.04138,1.03318,0.9333333333333333,30,1.0447519262631735,0.0030058938536183105,0.0,0.003121005286020664,0.009545458960003294,0.004529212703988208
3248,2025-01-08 08:00:00,2025-01-09 08:00:00,1.03318,1.02905,0.9666666666666667,30,1.037573516368866,0.003019121844436534,0.06666666666666667,0.0036043327050560856,0.004529212703988208,0.0043491464323251
3272,2025-01-09 08:00:00,2025-01-10 08:00:00,1.02905,1.02966,1.0,30,1.0328746517499288,0.0021525999673160687,0.1,0.003336707626078764,0.0043491464323251,0.0028245719020353957
3296,2025-01-10 08:00:00,2025-01-13 08:00:00,1.02966,1.02147,0.9666666666666667,30,1.0333114663759868,0.0026228022108960906,0.8,0.003463044676026976,0.0028245719020353957,0.005769429237313892
3320,2025-01-13 08:00:00,2025-01-14 08:00:00,1.02147,1.02539,1.0,30,1.0285839120546976,0.003162482180524504,0.03333333333333333,0.004334187753716968,0.005769429237313892,0.005272640691804487
3344,2025-01-14 08:00:00,2025-01-15 08:00:00,1.02539,1.03052,0.9666666666666667,30,1.032271158695221,0.00435573707157067,0.16666666666666666,0.0043146051230137875,0.005272640691804487,0.00382342394262784
3368,2025-01-15 08:00:00,2025-01-16 08:00:00,1.03052,1.02971,0.8666666666666667,30,1.0355599840482077,0.003642222115803511,0.23333333333333334,0.0033828797080691195,0.00382342394262784,0.006208337982581107
3392,2025-01-16 08:00:00,2025-01-17 08:00:00,1.02971,1.02841,0.7333333333333333,30,1.0325950741767884,0.003538178834178053,0.0,0.0034831953077623045,0.006208337982581107,0.0034025023712492553
3416,2025-01-17 08:00:00,2025-01-20 08:00:00,1.02841,1.03165,0.5666666666666667,30,1.0297708749771117,0.0030108986128054836,0.3,0.003001956044380665,0.0034025023712492553,0.003352270186273865
3440,2025-01-20 08:00:00,2025-01-21 08:00:00,1.03165,1.03731,0.6,30,1.0324347376823426,0.002018863800981204,0.06666666666666667,0.0025419387662581902,0.003352270186273865,0.010508721571327593
3464,2025-01-21 08:00:00,2025-01-22 08:00:00,1.03731,1.04111,0.13333333333333333,30,1.0358205477396647,0.0015642386026647375,0.0,0.003004892801996999,0.010508721571327593,0.005201820917923073
3488,2025-01-22 08:00:00,2025-01-23 08:00:00,1.04111,1.03998,0.0,30,1.03760005235672,0.0013515030546518223,0.03333333333333333,0.0034843022276979606,0.005201820917923073,0.003224722473165484
3512,2025-01-23 08:00:00,2025-01-24 08:00:00,1.03998,1.04605,0.4666666666666667,30,1.0395064314206441,0.0012194353314611802,0.06666666666666667,0.0024749832351930547,0.003224722473165484,0.004968766209331062
3536,2025-01-24 08:00:00,2025-01-27 08:00:00,1.04605,1.04569,0.0,30,1.0397685607274374,0.0014434525747240496,0.23333333333333334,0.004125606648649363,0.004968766209331062,0.005383872119378752
3560,2025-01-27 08:00:00,2025-01-28 08:00:00,1.04569,1.04338,0.0,30,1.0421926617622375,0.0009235129187466179,0.0,0.002673264083376287,0.005383872119378752,0.00644083821767379
3584,2025-01-28 08:00:00,2025-01-29 08:00:00,1.04338,1.04154,0.26666666666666666,30,1.042495854695638,0.0014843268027475254,0.0,0.002554638705894569,0.00644083821767379,0.0031750700855350815
3608,2025-01-29 08:00:00,2025-01-30 08:00:00,1.04154,1.04235,0.4,30,1.0408697287241617,0.001491642235237762,0.06666666666666667,0.0022591407343169586,0.0031750700855350815,0.003974386011451615
3632,2025-01-30 08:00:00,2025-01-31 08:00:00,1.04235,1.04038,0.06666666666666667,30,1.0402036786079407,0.001316473253388097,0.03333333333333333,0.002394819609810424,0.003974386011451615,0.007129096995365398
3656,2025-01-31 08:00:00,2025-02-03 08:00:00,1.04038,1.02246,0.2,30,1.03918217420578,0.0012731518438611074,0.0,0.002424188268570215,0.007129096995365398,0.01282419395625074
3680,2025-02-03 08:00:00,2025-02-04 08:00:00,1.02246,1.03107,0.9666666666666667,30,1.0302223126093546,0.004583496317389567,0.03333333333333333,0.006100411333238524,0.01282419395625074,0.009800113718025449
3704,2025-02-04 08:00:00,2025-02-05 08:00:00,1.03107,1.04023,1.0,30,1.0368862311045328,0.0016317958740644813,0.0,0.0037356624387701715,0.009800113718025449,0.004860413514153807
3728,2025-02-05 08:00:00,2025-02-06 08:00:00,1.04023,1.03797,0.4666666666666667,30,1.039488180478414,0.0017395502686885353,0.06666666666666667,0.00297834904648124,0.004860413514153807,0.003460650527589823
3752,2025-02-06 08:00:00,2025-02-07 08:00:00,1.03797,1.03889,0.3,30,1.0370723009109497,0.001567625820382611,0.13333333333333333,0.0026430810894423184,0.003460650527589823,0.003070260894584838
3776,2025-02-07 08:00:00,2025-02-10 08:00:00,1.03889,1.03123,0.26666666666666666,30,1.0376195748647055,0.001996638225249737,0.06666666666666667,0.0026109949871047132,0.003070260894584838,0.00643089167324072
3800,2025-02-10 08:00:00,2025-02-11 08:00:00,1.03123,1.0303,0.36666666666666664,30,1.0308402101198832,0.0024591194487024307,0.0,0.0027888768607108733,0.00643089167324072,0.0025280994716017006
3824,2025-02-11 08:00:00,2025-02-12 08:00:00,1.0303,1.03753,0.06666666666666667,30,1.0269062121709187,0.0019178368205102006,0.43333333333333335,0.0024706197308024297,0.0025280994716017006,0.003099860341023386
3848,2025-02-12 08:00:00,2025-02-13 08:00:00,1.03753,1.04254,0.0,30,1.0303074757258097,0.0024697066027258626,0.8666666666666667,0.003873105133854097,0.003099860341023386,0.007587689523895734
3872,2025-02-13 08:00:00,2025-02-14 08:00:00,1.04254,1.04644,0.13333333333333333,30,1.0383732080459596,0.0039212061236856095,0.0,0.003043877897590627,0.007587689523895734,0.005815104542020856
3896,2025-02-14 08:00:00,2025-02-17 08:00:00,1.04644,1.04821,0.03333333333333333,30,1.0394585887591044,0.003629645147030254,0.0,0.003880210318535701,0.005815104542020856,0.003954263450610969
3920,2025-02-17 08:00:00,2025-02-18 08:00:00,1.04821,1.04631,0.0,30,1.0410108685493469,0.003441076678966692,0.4,0.0037719847759048217,0.003954263450610969,0.0026625386222492065
3944,2025-02-18 08:00:00,2025-02-19 08:00:00,1.04631,1.04509,0.2,30,1.0445778648058572,0.0018675860320322179,0.4,0.002472496927583245,0.0026625386222492065,0.0028614688471290273
3968,2025-02-19 08:00:00,2025-02-20 08:00:00,1.04509,1.04311,0.4666666666666667,30,1.0444427490234376,0.0014833225232840088,0.06666666666666667,0.0019367933615703193,0.0028614688471290273,0.003635506783858692
3992,2025-02-20 08:00:00,2025-02-21 08:00:00,1.04311,1.04919,0.6,30,1.0434069871902465,0.0012219195136314246,0.0,0.0017925005580373963,0.003635506783858692,0.00398411081595905
4016,2025-02-21 08:00:00,2025-02-24 08:00:00,1.04919,1.04908,0.2,30,1.0477989157040914,0.0017814575818663944,0.06666666666666667,0.0026729749746731285,0.00398411081595905,0.0054355397465270065
4040,2025-02-24 08:00:00,2025-02-25 08:00:00,1.04908,1.04638,0.23333333333333334,30,1.0479946414629617,0.001520646372768536,0.0,0.002233771561382519,0.0054355397465270065,0.0032274775794850384
4064,2025-02-25 08:00:00,2025-02-26 08:00:00,1.04638,1.04936,0.7,30,1.0466382424036662,0.0012393967152398292,0.0,0.002069669245318551,0.0032274775794850384,0.0027533815211480722
4088,2025-02-26 08:00:00,2025-02-27 08:00:00,1.04936,1.04749,0.03333333333333333,30,1.0473303278287251,0.0013355028131957225,0.1,0.0021492278164911057,0.0027533815211480722,0.003777245049680298
4112,2025-02-27 08:00:00,2025-02-28 08:00:00,1.04749,1.03956,0.26666666666666666,30,1.045680292447408,0.0020462526237666457,0.0,0.0023423376312674657,0.003777245049680298,0.005931672520335485
4136,2025-02-28 08:00:00,2025-03-03 08:00:00,1.03956,1.04053,0.9666666666666667,30,1.042911203702291,0.0016503178646458268,0.0,0.002992842270432986,0.005931672520335485,0.004840879865688821
4160,2025-03-03 08:00:00,2025-03-04 08:00:00,1.04053,1.04928,1.0,30,1.0422358155250548,0.0011491162875827826,0.0,0.0021697182448266825,0.004840879865688821,0.004383280493245768
4184,2025-03-04 08:00:00,2025-03-05 08:00:00,1.04928,1.06742,0.06666666666666667,30,1.0458096146583558,0.002670648722433797,0.03333333333333333,0.002815632436731762,0.004383280493245768,0.008233146894697174
4208,2025-03-05 08:00:00,2025-03-06 08:00:00,1.06742,1.07984,0.03333333333333333,30,1.044055179754893,0.006435187416484344,0.7,0.011443112091930042,0.008233146894697174,0.007525199847945351
4232,2025-03-06 08:00:00,2025-03-07 08:00:00,1.07984,1.08296,0.5666666666666667,30,1.0737049460411072,0.020039301171758752,0.7666666666666667,0.014763410125389799,0.007525199847945351,0.004999509059626291
4256,2025-03-07 08:00:00,2025-03-10 07:00:00,1.08296,1.0837,0.16666666666666666,30,1.0687981963157653,0.018306630722336535,0.8,0.015951151863720734,0.004999509059626291,0.004741822349227699
4280,2025-03-10 07:00:00,2025-03-11 07:00:00,1.0837,1.08562,0.16666666666666666,29,1.081776003042857,0.0026778214092546154,0.5,0.004660271797007279,0.004741822349227699,0.00540012411407233
4304,2025-03-11 07:00:00,2025-03-12 07:00:00,1.08562,1.08917,0.13333333333333333,25,1.0827204744021097,0.0042984949118224135,0.1,0.0034518454532393304,0.00540012411407233,0.005228028975000769
4328,2025-03-12 07:00:00,2025-03-13 07:00:00,1.08917,1.08741,0.7,29,1.0903399070103963,0.003924433182406798,0.36666666666666664,0.004368463984785115,0.005228028975000769,0.005528401214424647
4352,2025-03-13 07:00:00,2025-03-14 07:00:00,1.08741,1.08381,0.06666666666666667,30,1.0776652495066326,0.004699424898396444,0.6,0.005657257831466796,0.005528401214424647,0.004520850680087732
4376,2025-03-14 07:00:00,2025-03-17 07:00:00,1.08381,1.08773,0.0,30,1.0737114270528159,0.005989695072562308,0.43333333333333335,0.005405621643193927,0.004520850680087732,0.004970135348424422
4400,2025-03-17 07:00:00,2025-03-18 07:00:00,1.08773,1.09205,0.03333333333333333,30,1.0799521644910177,0.006593159888835834,0.16666666666666666,0.004684927225301206,0.004970135348424422,0.0029145612668335656
4424,2025-03-18 07:00:00,2025-03-19 07:00:00,1.09205,1.09205,0.06666666666666667,30,1.086995009581248,0.002979407589224604,0.6333333333333333,0.003747661276305777,0.0029145612668335656,0.003807219233648799
4448,2025-03-19 07:00:00,2025-03-20 07:00:00,1.09205,1.08932,0.1,30,1.0869714458783468,0.0028945579623501825,0.26666666666666666,0.003221753379242583,0.003807219233648799,0.005733383500271091
4472,2025-03-20 07:00:00,2025-03-21 07:00:00,1.08932,1.08338,0.06666666666666667,30,1.0856070955594381,0.002219404503755859,0.0,0.0029282180648699096,0.005733383500271091,0.003790049777317236
4496,2025-03-21 07:00:00,2025-03-24 07:00:00,1.08338,1.08394,0.0,30,1.0777223229408264,0.0018193951672841014,0.6666666666666666,0.0041196431402538885,0.003790049777317236,0.004222938315782202
4520,2025-03-24 07:00:00,2025-03-25 07:00:00,1.08394,1.07944,0.0,28,1.0797676960627238,0.002088201802237449,0.16666666666666666,0.0031719309141525196,0.004222938315782202,0.004406124712955104
4544,2025-03-25 07:00:00,2025-03-26 07:00:00,1.07944,1.07868,0.16666666666666666,28,1.078490384419759,0.0011583892685989002,0.0,0.0024820390705713024,0.004406124712955104,0.00326539359334414
4568,2025-03-26 07:00:00,2025-03-27 07:00:00,1.07868,1.07728,0.6,26,1.0779073119163514,0.0025379496767235473,0.06666666666666667,0.0018707741468883949,0.00326539359334414,0.004732632422499571
4592,2025-03-27 07:00:00,2025-03-28 07:00:00,1.07728,1.07849,0.4666666666666667,30,1.076502788066864,0.0034516592994290295,0.03333333333333333,0.0028340224775807925,0.004732632422499571,0.002707196433441197
4616,2025-03-28 07:00:00,2025-03-31 08:00:00,1.07849,1.0837,0.43333333333333335,30,1.0757856130599976,0.0045727603073868455,0.43333333333333335,0.0028017866953677618,0.002707196433441197,0.0038561782787819576
4640,2025-03-31 08:00:00,2025-04-01 08:00:00,1.0837,1.0808,0.03333333333333333,30,1.081287956237793,0.0009452197032782029,0.0,0.002267750034359288,0.0038561782787819576,0.0033409089663864063
4664,2025-04-01 08:00:00,2025-04-02 08:00:00,1.0808,1.07926,0.4666666666666667,30,1.0790547847747802,0.0035921302766552857,0.16666666666666666,0.0024041001083158946,0.0033409089663864063,0.003878290746411554
4688,2025-04-02 08:00:00,2025-04-03 08:00:00,1.07926,1.09893,0.06666666666666667,30,1.0741711258888245,0.004144249652521638,0.1,0.0030174044943646217,0.003878290746411554,0.009747461656455077
4712,2025-04-03 08:00:00,2025-04-04 08:00:00,1.09893,1.10503,0.3,30,1.0958014130592346,0.006198837499783538,0.0,0.005424925301526534,0.009747461656455077,0.0108073676370779
4736,2025-04-04 08:00:00,2025-04-07 08:00:00,1.10503,1.10024,0.0,30,1.0856419920921325,0.0026081077193550505,0.2,0.008429355960543164,0.0108073676370779,0.013366993736593696
4760,2025-04-07 08:00:00,2025-04-08 08:00:00,1.10024,1.0976,0.0,30,1.0899079004923502,0.0040199272927450925,0.0,0.006173533330557522,0.013366993736593696,0.006597835448330144
4784,2025-04-08 08:00:00,2025-04-09 08:00:00,1.0976,1.10723,0.03333333333333333,30,1.0935430963834127,0.002323758031637718,0.0,0.00395005771010856,0.006597835448330144,0.008796522523158573
4808,2025-04-09 08:00:00,2025-04-10 08:00:00,1.10723,1.09827,0.0,30,1.093548599878947,0.0028302924821156377,0.1,0.006452118612049568,0.008796522523158573,0.009843145971407306
4832,2025-04-10 08:00:00,2025-04-11 08:00:00,1.09827,1.12857,0.0,30,1.0952757120132446,0.0019391960972343564,0.0,0.0036283895941437863,0.009843145971407306,0.011804199270971849
4856,2025-04-11 08:00:00,2025-04-14 08:00:00,1.12857,1.14164,0.0,30,1.0933831175168356,0.006842395605906488,0.5666666666666667,0.018481714015508334,0.011804199270971849,0.014594704591019105
4880,2025-04-14 08:00:00,2025-04-15 08:00:00,1.14164,1.13316,0.1,30,1.102416721979777,0.02101767019144391,0.6333333333333333,0.02024501829307922,0.014594704591019105,0.007476838043368868
4904,2025-04-15 08:00:00,2025-04-16 08:00:00,1.13316,1.13601,0.16666666666666666,30,1.1289844075838724,0.007225721868499451,0.23333333333333334,0.00617788041551998,0.007476838043368868,0.0069034066307318495
4928,2025-04-16 08:00:00,2025-04-17 08:00:00,1.13601,1.13587,0.06666666666666667,30,1.122585654258728,0.007908473592450126,0.3333333333333333,0.007102614218226977,0.0069034066307318495,0.005133777262978854
4952,2025-04-17 08:00:00,2025-04-18 08:00:00,1.13587,1.13609,0.03333333333333333,30,1.1258723775545756,0.005709202664016145,0.8333333333333334,0.00627832530410763,0.005133777262978854,0.003912913140638297
4976,2025-04-18 08:00:00,2025-04-21 08:00:00,1.13609,1.15149,0.03333333333333333,30,1.1242826541264852,0.004075158319412344,0.9,0.006202212336199379,0.003912913140638297,0.005037726767690443
5000,2025-04-21 08:00:00,2025-04-22 08:00:00,1.15149,1.15002,0.06666666666666667,30,1.132769481341044,0.012787044606168306,1.0,0.008995652976714192,0.005037726767690443,0.007620794696786213
5024,2025-04-22 08:00:00,2025-04-23 08:00:00,1.15002,1.13845,0.1,30,1.1349273761113485,0.011450333286873705,0.5,0.008146020365518696,0.007620794696786213,0.00862717827738754
5048,2025-04-23 08:00:00,2025-04-24 08:00:00,1.13845,1.13517,0.03333333333333333,30,1.129342297712962,0.005846675310327721,0.03333333333333333,0.005413336995545313,0.00862717827738754,0.008075304231744811
5072,2025-04-24 08:00:00,2025-04-25 08:00:00,1.13517,1.13416,0.06666666666666667,30,1.1260576526323953,0.005587063068676119,0.03333333333333333,0.005926238429956713,0.008075304231744811,0.004951419527659505
5096,2025-04-25 08:00:00,2025-04-28 08:00:00,1.13416,1.13313,0.16666666666666666,30,1.1282509406407675,0.0043678896812117925,0.7333333333333333,0.005160409722786047,0.004951419527659505,0.00574289618299627
5120,2025-04-28 08:00:00,2025-04-29 08:00:00,1.13313,1.13888,0.06666666666666667,30,1.1275421539942423,0.0038431419451642732,0.16666666666666666,0.005151530852376812,0.00574289618299627,0.004222103887225421
5144,2025-04-29 08:00:00,2025-04-30 08:00:00,1.13888,1.13896,0.16666666666666666,30,1.1329185048739114,0.0041543373243743765,0.7,0.004737179391809186,0.004222103887225421,0.0054488144286527216
5168,2025-04-30 08:00:00,2025-05-01 08:00:00,1.13896,1.13018,0.06666666666666667,30,1.1335438052813211,0.0036063484940597004,0.06666666666666667,0.004181764096832073,0.0054488144286527216,0.0036049492709335855
5192,2025-05-01 08:00:00,2025-05-02 08:00:00,1.13018,1.13251,0.8,30,1.1311451077461243,0.001994950917849903,0.13333333333333333,0.00291438224515854,0.0036049492709335855,0.00521455967635656
5216,2025-05-02 08:00:00,2025-05-05 08:00:00,1.13251,1.13256,0.3333333333333333,30,1.132074205080668,0.0014608381354842069,0.0,0.0033392026924212405,0.00521455967635656,0.007574021194652686
5240,2025-05-05 08:00:00,2025-05-06 08:00:00,1.13256,1.13255,0.4,30,1.131396770477295,0.0031824173964815888,0.0,0.0030046985957026475,0.007574021194652686,0.005032303815919498
5264,2025-05-06 08:00:00,2025-05-07 08:00:00,1.13255,1.13734,0.1,30,1.1274507999420167,0.006240835659284337,0.13333333333333333,0.003897831369110196,0.005032303815919498,0.0048168507658108315
5288,2025-05-07 08:00:00,2025-05-08 08:00:00,1.13734,1.12817,0.1,30,1.1315815329551697,0.0056505976467728855,0.3333333333333333,0.004841463267984383,0.0048168507658108315,0.005117530039588876
5312,2025-05-08 08:00:00,2025-05-09 08:00:00,1.12817,1.12398,0.13333333333333333,30,1.119416344165802,0.007067587083312333,0.43333333333333335,0.005497893580339575,0.005117530039588876,0.00493294368451232
5336,2025-05-09 08:00:00,2025-05-12 08:00:00,1.12398,1.12178,0.06666666666666667,30,1.1187249541282653,0.004602715073834402,0.26666666666666666,0.00410750014076144,0.00493294368451232,0.004595394724092302
5360,2025-05-12 08:00:00,2025-05-13 08:00:00,1.12178,1.11112,1.0,30,1.1335068424542745,0.002665595235193213,0.5,0.004522658566846314,0.004595394724092302,0.012006535889253874
5384,2025-05-13 08:00:00,2025-05-14 08:00:00,1.11112,1.11873,1.0,30,1.1302000959714253,0.0038056514998175313,0.06666666666666667,0.008046333328439294,0.012006535889253874,0.004047055255594279
5408,2025-05-14 08:00:00,2025-05-15 08:00:00,1.11873,1.1227,1.0,30,1.12677716811498,0.004058749211814692,0.7666666666666667,0.004841743546892143,0.004047055255594279,0.00579673518915049
5432,2025-05-15 08:00:00,2025-05-16 08:00:00,1.1227,1.12117,0.9,30,1.1271674791971842,0.0032695660956336965,0.0,0.003830246734106445,0.00579673518915049,0.0049520094567252985
5456,2025-05-16 08:00:00,2025-05-19 08:00:00,1.12117,1.1209,0.9333333333333333,30,1.1248854756355287,0.003242348311746778,0.03333333333333333,0.003636261160631289,0.0049520094567252985,0.0058244082636140435
5480,2025-05-19 08:00:00,2025-05-20 08:00:00,1.1209,1.1257,0.8333333333333334,30,1.1255502263704935,0.004094978052351933,0.0,0.0036291966450074215,0.0058244082636140435,0.0048825167881170455
5504,2025-05-20 08:00:00,2025-05-21 08:00:00,1.1257,1.13321,0.3,30,1.1243339816729228,0.003741347306001265,0.1,0.0038242363527315856,0.0048825167881170455,0.004886176662819254
5528,2025-05-21 08:00:00,2025-05-22 08:00:00,1.13321,1.1322,0.5666666666666667,30,1.1338671525319417,0.0026194896397536468,0.0,0.003532199578661701,0.004886176662819254,0.003789746855958887
5552,2025-05-22 08:00:00,2025-05-23 08:00:00,1.1322,1.13118,0.3,29,1.1315016468365988,0.001829557427724479,0.13333333333333333,0.0029924817975331484,0.003789746855958887,0.004024505103262858
5576,2025-05-23 08:00:00,2025-05-26 08:00:00,1.13118,1.14084,0.23333333333333334,30,1.130344537893931,0.0012695812450245118,0.06666666666666667,0.003024885479302526,0.004024505103262858,0.005683858241803932
5600,2025-05-26 08:00:00,2025-05-27 08:00:00,1.14084,1.13644,0.0,30,1.1359936515490214,0.0017034496433858514,0.03333333333333333,0.0034328111591926933,0.005683858241803932,0.003168404564544362
5624,2025-05-27 08:00:00,2025-05-28 08:00:00,1.13644,1.13039,0.4666666666666667,30,1.1362162311871846,0.0013759847153426731,0.06666666666666667,0.002405901142502342,0.003168404564544362,0.0043270566740578826
5648,2025-05-28 08:00:00,2025-05-29 08:00:00,1.13039,1.12705,0.8666666666666667,30,1.1334979772567748,0.002235805607172268,0.03333333333333333,0.0030115589762982893,0.0043270566740578826,0.0069140913439868215
5672,2025-05-29 08:00:00,2025-05-30 08:00:00,1.12705,1.13457,1.0,30,1.1336249073346456,0.0018047554520846843,0.0,0.0037216859455161083,0.0069140913439868215,0.007671160877871102
5696,2025-05-30 08:00:00,2025-06-02 08:00:00,1.13457,1.14006,0.4666666666666667,30,1.1339534004529317,0.0022582613502356813,0.03333333333333333,0.0035177923105703893,0.007671160877871102,0.0053221365783243406
5720,2025-06-02 08:00:00,2025-06-03 08:00:00,1.14006,1.14287,0.0,30,1.1354544719060262,0.001592648229073819,0.06666666666666667,0.003200017507645147,0.0053221365783243406,0.00397799611932923
5744,2025-06-03 08:00:00,2025-06-04 08:00:00,1.14287,1.13773,0.06666666666666667,30,1.136827552318573,0.0026962506391408664,0.36666666666666664,0.0037801287312209772,0.00397799611932923,0.003467601846496173
5768,2025-06-04 08:00:00,2025-06-05 08:00:00,1.13773,1.14086,0.06666666666666667,30,1.13572758436203,0.0014885411381516164,0.0,0.0023558096495174094,0.003467601846496173,0.005130127188551418
5792,2025-06-05 08:00:00,2025-06-06 08:00:00,1.14086,1.14349,0.0,30,1.1374573310216267,0.0012700760761740616,0.0,0.0024820227235945952,0.005130127188551418,0.005485486665492806
5816,2025-06-06 08:00:00,2025-06-09 08:00:00,1.14349,1.14273,0.0,30,1.137286933263143,0.0029001997614621034,0.0,0.0032876776835112143,0.005485486665492806,0.0037823855359070007
5840,2025-06-09 08:00:00,2025-06-10 08:00:00,1.14273,1.13945,0.0,30,1.1382448156674703,0.002912390238841505,0.03333333333333333,0.002463055535765325,0.0037823855359070007,0.003682701994848525
5864,2025-06-10 08:00:00,2025-06-11 08:00:00,1.13945,1.14093,0.4,30,1.1381383260091147,0.0025047912155823854,0.0,0.002603743306039579,0.003682701994848525,0.0036404696647447756
5888,2025-06-11 08:00:00,2025-06-12 08:00:00,1.14093,1.1522,0.36666666666666664,30,1.1398168126742045,0.0023944939205140245,0.06666666666666667,0.002348372425484965,0.0036404696647447756,0.0043526008420267034
5912,2025-06-12 08:00:00,2025-06-13 08:00:00,1.1522,1.15416,0.06666666666666667,30,1.144335150718689,0.004610727410744784,0.4666666666666667,0.004210292890359147,0.0043526008420267034,0.006787817300868473
5936,2025-06-13 08:00:00,2025-06-16 08:00:00,1.15416,1.15733,0.2,30,1.1485395193099976,0.005786808094529095,0.06666666666666667,0.004455645938170315,0.006787817300868473,0.004335888682445212
5960,2025-06-16 08:00:00,2025-06-17 08:00:00,1.15733,1.15618,0.1,30,1.1498224258422851,0.004973618770422853,0.5666666666666667,0.00453485335515425,0.004335888682445212,0.003405350094002185
5984,2025-06-17 08:00:00,2025-06-18 08:00:00,1.15618,1.15098,0.03333333333333333,30,1.1508885304133096,0.003292727320283759,0.6333333333333333,0.0035207059734910567,0.003405350094002185,0.004874923207563449
6008,2025-06-18 08:00:00,2025-06-19 08:00:00,1.15098,1.1466,0.03333333333333333,30,1.1465313275655111,0.0031444248743435375,0.0,0.00279675237739064,0.004874923207563449,0.005019341309338929
6032,2025-06-19 08:00:00,2025-06-20 08:00:00,1.1466,1.15162,0.3,30,1.145251727104187,0.0019011074024788991,0.0,0.0025280763257798126,0.005019341309338929,0.00380884534313011
6056,2025-06-20 08:00:00,2025-06-23 08:00:00,1.15162,1.15066,0.0,30,1.1474061687787374,0.0019395376943502607,0.03333333333333333,0.002687256306662999,0.00380884534313011,0.00570943400046349
6080,2025-06-23 08:00:00,2025-06-24 08:00:00,1.15066,1.16048,0.13333333333333333,30,1.1484196424484252,0.0018339489897688812,0.0,0.0023635389328882945,0.00570943400046349,0.005630821652855516
6104,2025-06-24 08:00:00,2025-06-25 08:00:00,1.16048,1.16069,0.0,30,1.1498830437660217,0.003324733363345551,0.13333333333333333,0.004567929503661557,0.005630821652855516,0.0044081301543933875
6128,2025-06-25 08:00:00,2025-06-26 08:00:00,1.16069,1.16988,0.03333333333333333,30,1.1531883676846821,0.0032027978821546443,0.2,0.0036506086308265785,0.0044081301543933875,0.004326507946781378
6152,2025-06-26 08:00:00,2025-06-27 08:00:00,1.16988,1.17181,0.13333333333333333,30,1.1599006096522013,0.008607856289003768,0.6333333333333333,0.007622615076525511,0.004326507946781378,0.004811079761811144
6176,2025-06-27 08:00:00,2025-06-30 08:00:00,1.17181,1.17429,0.36666666666666664,30,1.1698269844055176,0.008337430868318563,0.26666666666666666,0.004631271610754399,0.004811079761811144,0.004863162275562881
6200,2025-06-30 08:00:00,2025-07-01 08:00:00,1.17429,1.17789,0.1,30,1.1619906266530355,0.008979392343072429,0.6333333333333333,0.006390629099019444,0.004863162275562881,0.004512757907548569
6224,2025-07-01 08:00:00,2025-07-02 08:00:00,1.17789,1.17812,0.0,30,1.1581520636876423,0.0065174499856535135,0.8666666666666667,0.010296306448696045,0.004512757907548569,0.004003614023580343
6248,2025-07-02 08:00:00,2025-07-03 08:00:00,1.17812,1.18016,0.13333333333333333,30,1.169533129533132,0.006091205739679101,0.4666666666666667,0.005411546213804736,0.004003614023580343,0.0032324097891688833
6272,2025-07-03 08:00:00,2025-07-04 08:00:00,1.18016,1.17808,0.06666666666666667,30,1.172309398651123,0.004787661409828976,0.8,0.004112146638118102,0.0032324097891688833,0.005661644434276416
6296,2025-07-04 08:00:00,2025-07-07 08:00:00,1.17808,1.17552,0.03333333333333333,30,1.1671625018119811,0.008312839745753479,0.3,0.006992446694796538,0.005661644434276416,0.0025313927658708684
6320,2025-07-07 08:00:00,2025-07-08 08:00:00,1.17552,1.17413,0.0,30,1.1725821137428283,0.0017987257321812602,0.13333333333333333,0.0019889928981854177,0.0025313927658708684,0.005447828452557683
6344,2025-07-08 08:00:00,2025-07-09 08:00:00,1.17413,1.17255,0.06666666666666667,30,1.1708087086677552,0.002649106370048869,0.0,0.002561694178823304,0.005447828452557683,0.003918367184059159
6368,2025-07-09 08:00:00,2025-07-10 08:00:00,1.17255,1.17323,0.13333333333333333,30,1.1692912340164185,0.0022933409955589157,0.06666666666666667,0.002972015318413986,0.003918367184059159,0.003848607579609874
6392,2025-07-10 08:00:00,2025-07-11 08:00:00,1.17323,1.16742,0.16666666666666666,30,1.1703200896581014,0.002245445827918542,0.0,0.0025873808960442213,0.003848607579609874,0.0035577720156521864
6416,2025-07-11 08:00:00,2025-07-14 08:00:00,1.16742,1.16632,0.7,29,1.1676666220029195,0.001130068248640003,0.03333333333333333,0.0022156377514329115,0.0035577720156521864,0.0036225808254374404
6440,2025-07-14 08:00:00,2025-07-15 08:00:00,1.16632,1.16774,0.5,30,1.1659305413564047,0.001721143010793787,0.0,0.0022786740032258125,0.0036225808254374404,0.0030072272291407575
6464,2025-07-15 08:00:00,2025-07-16 08:00:00,1.16774,1.16275,0.5,30,1.167289666334788,0.0020567075907514396,0.06666666666666667,0.0021464866244194857,0.0030072272291407575,0.004712100447315707
6488,2025-07-16 08:00:00,2025-07-17 08:00:00,1.16275,1.15827,0.16666666666666666,30,1.1604812463124594,0.002895047239597864,0.0,0.0027917397695348045,0.004712100447315707,0.00592494033567485
6512,2025-07-17 08:00:00,2025-07-18 08:00:00,1.15827,1.16195,0.2,30,1.155360190073649,0.0025073977515570113,0.0,0.003708966520316254,0.00592494033567485,0.0034770657426924983
6536,2025-07-18 08:00:00,2025-07-21 08:00:00,1.16195,1.16409,0.0,30,1.1548348704973856,0.0020606256332112416,0.6333333333333333,0.0036089593762167467,0.0034770657426924983,0.0033749147055903155
6560,2025-07-21 08:00:00,2025-07-22 08:00:00,1.16409,1.16901,0.0,30,1.1543875098228455,0.0029984239943342426,0.7333333333333333,0.004063791586131113,0.0033749147055903155,0.003653852646707097
6584,2025-07-22 08:00:00,2025-07-23 08:00:00,1.16901,1.17418,0.03333333333333333,30,1.1561343709627787,0.0047267949659103225,0.8,0.004707379688631295,0.003653852646707097,0.004010875858220587
6608,2025-07-23 08:00:00,2025-07-24 08:00:00,1.17418,1.17564,0.0,30,1.1655722578366599,0.0035467343286896638,0.3333333333333333,0.003661450757174869,0.004010875858220587,0.002800381725207341
6632,2025-07-24 08:00:00,2025-07-25 08:00:00,1.17564,1.17474,0.06666666666666667,30,1.1716252088546752,0.002857666615822089,0.13333333333333333,0.0028201121439778527,0.002800381725207341,0.004115959656102686
6656,2025-07-25 08:00:00,2025-07-28 08:00:00,1.17474,1.17209,0.13333333333333333,30,1.1729079882303874,0.0012782349611668734,0.0,0.002204668797085896,0.004115959656102686,0.003454779208287017
6680,2025-07-28 08:00:00,2025-07-29 08:00:00,1.17209,1.15332,0.7666666666666667,30,1.1731563886006673,0.0014110733631088341,0.0,0.0022548274802299613,0.003454779208287017,0.007070913637095735
6704,2025-07-29 08:00:00,2025-07-30 08:00:00,1.15332,1.1556,1.0,30,1.169107973575592,0.0027458340374866604,0.2,0.005747754861383935,0.007070913637095735,0.005337893936568016
6728,2025-07-30 08:00:00,2025-07-31 08:00:00,1.1556,1.14579,1.0,30,1.1702408075332642,0.005249251094240143,0.6,0.006140180184697845,0.005337893936568016,0.00808946764451369
6752,2025-07-31 08:00:00,2025-08-01 08:00:00,1.14579,1.14287,1.0,30,1.1652012109756469,0.005958365967282423,0.4666666666666667,0.008795658410691102,0.00808946764451369,0.005158693902887686
6776,2025-08-01 08:00:00,2025-08-04 08:00:00,1.14287,1.15712,1.0,30,1.158897050221761,0.008893839706127017,0.7333333333333333,0.010111196465971322,0.005158693902887686,0.01351998416898899
6800,2025-08-04 08:00:00,2025-08-05 08:00:00,1.15712,1.15501,0.8,30,1.160178577899933,0.003886814515847677,0.0,0.0032124317520925813,0.01351998416898899,0.0029576532665626853
6824,2025-08-05 08:00:00,2025-08-06 08:00:00,1.15501,1.15781,0.7666666666666667,30,1.157317856947581,0.0037783270554877673,0.5666666666666667,0.0030868780601938915,0.0029576532665626853,0.0034457550823503323
6848,2025-08-06 08:00:00,2025-08-07 08:00:00,1.15781,1.16755,0.9,30,1.1632288297017415,0.0036282826405105457,0.3,0.0030536795259122973,0.0034457550823503323,0.004302328218434283
6872,2025-08-07 08:00:00,2025-08-08 08:00:00,1.16755,1.16497,0.4,30,1.1673601071039836,0.001960054913269808,0.0,0.0024513939216165635,0.004302328218434283,0.0052602258364167305
6896,2025-08-08 08:00:00,2025-08-11 08:00:00,1.16497,1.16635,0.9,30,1.1667019486427308,0.0013711652896158863,0.0,0.003390065149002813,0.0052602258364167305,0.0030727553558385274
6920,2025-08-11 08:00:00,2025-08-12 08:00:00,1.16635,1.16085,0.26666666666666666,30,1.1656094034512838,0.0012921312867302203,0.1,0.002292813112923044,0.0030727553558385274,0.003979644804902619
6944,2025-08-12 08:00:00,2025-08-13 08:00:00,1.16085,1.16918,1.0,30,1.1634307463963827,0.001558426165685626,0.03333333333333333,0.002413217791134984,0.003979644804902619,0.0041780086732296235
6968,2025-08-13 08:00:00,2025-08-14 08:00:00,1.16918,1.16843,0.2,30,1.1666243394215903,0.0020172188392143624,0.0,0.002839689467987279,0.0041780086732296235,0.0037514153509960392
6992,2025-08-14 08:00:00,2025-08-15 08:00:00,1.16843,1.16715,0.16666666666666666,30,1.1664244055747985,0.0017209753924454672,0.0,0.0026114737008287054,0.0037514153509960392,0.0038723606524138747
7016,2025-08-15 08:00:00,2025-08-18 08:00:00,1.16715,1.16961,0.06666666666666667,30,1.1651758750279744,0.0012467872872654725,0.0,0.0025041006072619074,0.0038723606524138747,0.0024008212630406904
7040,2025-08-18 08:00:00,2025-08-19 08:00:00,1.16961,1.16741,0.23333333333333334,30,1.1676938891410829,0.0020012374372240095,0.3333333333333333,0.0023236374160490697,0.0024008212630406904,0.003182322465226145
7064,2025-08-19 08:00:00,2025-08-20 08:00:00,1.16741,1.16333,0.5,30,1.1677425940831503,0.0015208553788347758,0.03333333333333333,0.002242418044319983,0.003182322465226145,0.002651801411666543
7088,2025-08-20 08:00:00,2025-08-21 08:00:00,1.16333,1.16295,1.0,30,1.166392183303833,0.001151494929545705,0.13333333333333333,0.002099798834075834,0.002651801411666543,0.004275851736049278
7112,2025-08-21 08:00:00,2025-08-22 08:00:00,1.16295,1.15882,1.0,30,1.1664578715960185,0.0010303829516369423,0.0,0.0020637031396201805,0.004275851736049278,0.004243117599035154
7136,2025-08-22 08:00:00,2025-08-25 08:00:00,1.15882,1.17145,0.9,30,1.1626745462417603,0.002858249952144033,0.0,0.0028283950377820926,0.004243117599035154,0.010629424591839035
7160,2025-08-25 08:00:00,2025-08-26 08:00:00,1.17145,1.16218,0.03333333333333333,30,1.1696200648943582,0.0012439404574308192,0.0,0.002118110153913268,0.010629424591839035,0.005619703455361061
7184,2025-08-26 08:00:00,2025-08-27 08:00:00,1.16218,1.16203,0.9333333333333333,30,1.1644617795944214,0.0013369480635382447,0.0,0.0028537023020320028,0.005619703455361061,0.0030517718423273884
7208,2025-08-27 08:00:00,2025-08-28 08:00:00,1.16203,1.16422,0.6666666666666666,30,1.1621952573458354,0.0014763230479961794,0.03333333333333333,0.0021797320857630796,0.0030517718423273884,0.004175047740440175
7232,2025-08-28 08:00:00,2025-08-29 08:00:00,1.16422,1.16668,0.1,30,1.1618148684501648,0.00262981526387604,0.06666666666666667,0.0025517286645646026,0.004175047740440175,0.0031371228747676724
7256,2025-08-29 08:00:00,2025-09-01 08:00:00,1.16668,1.17248,0.16666666666666666,30,1.1624024232228598,0.0043306844258095495,0.36666666666666664,0.0030604717892126665,0.0031371228747676724,0.004274578547347443
7280,2025-09-01 08:00:00,2025-09-02 08:00:00,1.17248,1.17024,0.2,30,1.1701796174049377,0.0038401739707404126,0.03333333333333333,0.0026285073762034017,0.004274578547347443,0.00254565215175395
7304,2025-09-02 08:00:00,2025-09-03 08:00:00,1.17024,1.16325,0.13333333333333333,30,1.1684677680333455,0.0016738255079673618,0.23333333333333334,0.0021288960482316816,0.00254565215175395,0.0067472382256199255
7328,2025-09-03 08:00:00,2025-09-04 08:00:00,1.16325,1.16515,0.8,30,1.165535306930542,0.0025589132761797526,0.0,0.0025781157379610137,0.0067472382256199255,0.00316988902087885
7352,2025-09-04 08:00:00,2025-09-05 08:00:00,1.16515,1.16687,0.8333333333333334,30,1.1662524342536926,0.0019815923005339817,0.0,0.002154766136560472,0.00316988902087885,0.0032219382758310005
7376,2025-09-05 08:00:00,2025-09-08 08:00:00,1.16687,1.17266,0.6333333333333333,29,1.167288307348887,0.0012000634313337956,0.13333333333333333,0.0025218122927591056,0.0032219382758310005,0.005529036908665658
7400,2025-09-08 08:00:00,2025-09-09 08:00:00,1.17266,1.17644,0.0,29,1.1675341407457986,0.00095467884668053,0.0,0.002590138366514547,0.005529036908665658,0.0032057669701652585
7424,2025-09-09 08:00:00,2025-09-10 08:00:00,1.17644,1.16968,0.0,30,1.1684283336003622,0.002598551175607085,0.7333333333333333,0.003785248484114355,0.0032057669701652585,0.0031190037644647822
7448,2025-09-10 08:00:00,2025-09-11 08:00:00,1.16968,1.16901,0.5,30,1.1694819609324136,0.0012116178622941789,0.0,0.001945029639023143,0.0031190037644647822,0.0031869507254930454
7472,2025-09-11 08:00:00,2025-09-12 08:00:00,1.16901,1.1739,0.8666666666666667,30,1.170298433303833,0.0011502484245373655,0.0,0.002012942937918735,0.0031869507254930454,0.003908204709057215
7496,2025-09-12 08:00:00,2025-09-15 08:00:00,1.1739,1.17247,0.0,30,1.1703359683354695,0.0008753998107270665,0.1,0.0027392569923388897,0.003908204709057215,0.0034470348676639683
7520,2025-09-15 08:00:00,2025-09-16 08:00:00,1.17247,1.17869,0.06666666666666667,30,1.170491600036621,0.0014122262491501351,0.0,0.0016177771215571493,0.0034470348676639683,0.0030391026890107943
7544,2025-09-16 08:00:00,2025-09-17 08:00:00,1.17869,1.18554,0.0,30,1.1705203652381897,0.0016667999157708008,0.5,0.0031042104706638,0.0030391026890107943,0.0041388902204694215
7568,2025-09-17 08:00:00,2025-09-18 08:00:00,1.18554,1.1794,0.0,30,1.1712759852409362,0.0018751071807876724,0.7333333333333333,0.0049289386334498315,0.0041388902204694215,0.0034706661487509194
7592,2025-09-18 08:00:00,2025-09-19 08:00:00,1.1794,1.17658,0.0,30,1.1739265322685242,0.001747637850477425,0.03333333333333333,0.002470491604757558,0.0034706661487509194,0.005185146096684959
7616,2025-09-19 08:00:00,2025-09-22 08:00:00,1.17658,1.17429,0.13333333333333333,30,1.17440322637558,0.001719832894682546,0.0,0.0022666013746747912,0.005185146096684959,0.0032152803947615156
7640,2025-09-22 08:00:00,2025-09-23 08:00:00,1.17429,1.17942,0.5,30,1.1740024248758951,0.0017082065654713443,0.0,0.0021207021670242914,0.0032152803947615156,0.0029619005369372624
7664,2025-09-23 08:00:00,2025-09-24 08:00:00,1.17942,1.17866,0.0,30,1.1752641638120016,0.0015167178377648676,0.1,0.0023676965882221423,0.0029619005369372624,0.002278464466355924
7688,2025-09-24 08:00:00,2025-09-25 08:00:00,1.17866,1.17455,0.03333333333333333,30,1.1756182829538981,0.0018000291406740786,0.43333333333333335,0.002179094290102851,0.002278464466355924,0.00263175762329359
7712,2025-09-25 08:00:00,2025-09-26 08:00:00,1.17455,1.16794,0.5333333333333333,30,1.1747012257575988,0.0010536809289135951,0.0,0.0017858785717279014,0.00263175762329359,0.004706024119356481
7736,2025-09-26 08:00:00,2025-09-29 08:00:00,1.16794,1.17192,0.7666666666666667,30,1.170264999071757,0.0022547090244068955,0.0,0.0025636029147994397,0.004706024119356481,0.002948898651312558
7760,2025-09-29 08:00:00,2025-09-30 08:00:00,1.17192,1.17369,0.8666666666666667,30,1.1730691512425742,0.0015525244003874873,0.06666666666666667,0.002087235690039249,0.002948898651312558,0.0030507914385106147
7784,2025-09-30 08:00:00,2025-10-01 08:00:00,1.17369,1.17672,0.3333333333333333,30,1.1730428695678712,0.0014858294660555806,0.03333333333333333,0.00211968338811161,0.0030507914385106147,0.004170482062169688
7808,2025-10-01 08:00:00,2025-10-02 08:00:00,1.17672,1.17421,0.03333333333333333,30,1.171668271223704,0.0028127945789444956,0.1,0.002990039538410465,0.004170482062169688,0.003689138360568773
7832,2025-10-02 08:00:00,2025-10-03 08:00:00,1.17421,1.17199,0.23333333333333334,30,1.1717354297637939,0.0030184915806306762,0.06666666666666667,0.0025069703959230204,0.003689138360568773,0.003163853299924763
7856,2025-10-03 08:00:00,2025-10-06 08:00:00,1.17199,1.16928,0.13333333333333333,30,1.1690704186757406,0.0021906802922123463,0.13333333333333333,0.0025699323381535516,0.003163853299924763,0.0032937484117358832
7880,2025-10-06 08:00:00,2025-10-07 08:00:00,1.16928,1.16864,0.9666666666666667,30,1.1710286418596902,0.0012320465293825002,0.06666666666666667,0.0024713586697180127,0.0032937484117358832,0.003972530440893759
7904,2025-10-07 08:00:00,2025-10-08 08:00:00,1.16864,1.16162,1.0,30,1.1728787144025168,0.0014197677106801638,0.0,0.0021810482623105232,0.003972530440893759,0.003106540647584423
7928,2025-10-08 08:00:00,2025-10-09 08:00:00,1.16162,1.16151,1.0,30,1.1733210643132528,0.001428677324392246,0.8333333333333334,0.003696194456955878,0.003106540647584423,0.004238871540480182
7952,2025-10-09 08:00:00,2025-10-10 08:00:00,1.16151,1.157,1.0,30,1.171536672115326,0.0020863661442722453,0.16666666666666666,0.0036412776026960884,0.004238871540480182,0.0037507961443232272
7976,2025-10-10 08:00:00,2025-10-13 08:00:00,1.157,1.16137,1.0,29,1.1680030663808187,0.002315210448486552,0.6,0.004286668350479936,0.0037507961443232272,0.003938875205406402
8000,2025-10-13 08:00:00,2025-10-14 08:00:00,1.16137,1.15698,0.9666666666666667,30,1.1677228967348734,0.0025872275976178295,0.03333333333333333,0.002754537499735156,0.003938875205406402,0.003730063253003039
8024,2025-10-14 08:00:00,2025-10-15 08:00:00,1.15698,1.16336,1.0,30,1.166101042429606,0.003099959637933681,0.23333333333333334,0.0032970511337927677,0.003730063253003039,0.0037308928365610166
8048,2025-10-15 08:00:00,2025-10-16 08:00:00,1.16336,1.16535,0.9666666666666667,30,1.1684835076332092,0.0026755857911403896,0.03333333333333333,0.002872322323839857,0.0037308928365610166,0.002935830929356544
8072,2025-10-16 08:00:00,2025-10-17 08:00:00,1.16535,1.17101,0.9666666666666667,30,1.1694140990575155,0.001801244074020951,0.16666666666666666,0.002454824996035026,0.002935830929356544,0.003326779411100905
8096,2025-10-17 08:00:00,2025-10-20 08:00:00,1.17101,1.16578,0.7666666666666667,30,1.1726511001586915,0.0016709176726534014,0.03333333333333333,0.0024858379242318645,0.003326779411100905,0.00335656986736364
8120,2025-10-20 08:00:00,2025-10-21 08:00:00,1.16578,1.16313,1.0,30,1.1704060951868693,0.0010090939827120877,0.0,0.0022097131871124873,0.00335656986736364,0.0022535552072950713
8144,2025-10-21 08:00:00,2025-10-22 08:00:00,1.16313,1.16091,0.9333333333333333,30,1.1669362425804137,0.002113993189517562,0.5666666666666667,0.0023105823430215394,0.0022535552072950713,0.0018657130174321436
8168,2025-10-22 08:00:00,2025-10-23 08:00:00,1.16091,1.1594,0.36666666666666664,30,1.160780127843221,0.0018096764785730081,0.7666666666666667,0.0020631700506987777,0.0018657130174321436,0.002624932911112726
8192,2025-10-23 08:00:00,2025-10-24 08:00:00,1.1594,1.16129,0.5666666666666667,30,1.1594926436742148,0.0019247207206436693,0.13333333333333333,0.002184059135061756,0.002624932911112726,0.0021015335720119535
8216,2025-10-24 08:00:00,2025-10-27 07:00:00,1.16129,1.1626,0.9333333333333333,30,1.1638809164365134,0.0017027069947402411,0.4,0.002146318503117501,0.0021015335720119535,0.002337152024136381
8240,2025-10-27 07:00:00,2025-10-28 07:00:00,1.1626,1.16553,0.9333333333333333,30,1.1648277640342712,0.0013439602243521343,0.06666666666666667,0.0017132471620683706,0.002337152024136381,0.002324733578525872
8264,2025-10-28 07:00:00,2025-10-29 07:00:00,1.16553,1.16294,0.7666666666666667,30,1.1663702766100565,0.0010779352959790697,0.03333333333333333,0.0015391064173552486,0.002324733578525872,0.0031363526741478823
8288,2025-10-29 07:00:00,2025-10-30 07:00:00,1.16294,1.16191,0.8333333333333334,30,1.1652309497197468,0.001932710345904721,0.03333333333333333,0.0020893610466959063,0.0031363526741478823,0.005651175167039412
8312,2025-10-30 07:00:00,2025-10-31 07:00:00,1.16191,1.15609,0.9,30,1.166009283065796,0.002280618689374176,0.03333333333333333,0.002543256777532399,0.005651175167039412,0.004699826492593037
8336,2025-10-31 07:00:00,2025-11-03 08:00:00,1.15609,1.15395,0.9333333333333333,30,1.1601855834325154,0.002862697310541515,0.0,0.0025968184425188127,0.004699826492593037,0.002596621257525372
8360,2025-11-03 08:00:00,2025-11-04 08:00:00,1.15395,1.1527,1.0,30,1.16042103767395,0.002515034932850796,0.43333333333333335,0.0027554386685668193,0.002596621257525372,0.003168707779605757
8384,2025-11-04 08:00:00,2025-11-05 08:00:00,1.1527,1.14861,0.9666666666666667,30,1.1588962117830912,0.003609421709347118,0.26666666666666666,0.0027624799813825165,0.003168707779605757,0.0026717964857162816
8408,2025-11-05 08:00:00,2025-11-06 08:00:00,1.14861,1.15079,1.0,30,1.1564771016438802,0.003227621385520847,0.7333333333333333,0.0035885765296101322,0.0026717964857162816,0.0023152429096601384
8432,2025-11-06 08:00:00,2025-11-07 08:00:00,1.15079,1.15325,1.0,30,1.1553953091303508,0.001725969020274426,0.6,0.0024224311052029736,0.0023152429096601384,0.0030384603351502957
8456,2025-11-07 08:00:00,2025-11-10 08:00:00,1.15325,1.15673,0.9666666666666667,30,1.155997375647227,0.0015215455375083438,0.0,0.0020737419768146813,0.0030384603351502957,0.003156098074809883
8480,2025-11-10 08:00:00,2025-11-11 08:00:00,1.15673,1.15596,1.0,30,1.1589275081952413,0.0010400951792867898,0.0,0.0017699664933152558,0.003156098074809883,0.0027692803118819238
8504,2025-11-11 08:00:00,2025-11-12 08:00:00,1.15596,1.15832,1.0,30,1.158834421634674,0.0012159576083315147,0.06666666666666667,0.0019397451170675686,0.0027692803118819238,0.0032886209628974128
8528,2025-11-12 08:00:00,2025-11-13 08:00:00,1.15832,1.1611,0.9666666666666667,30,1.1600055932998656,0.001114939298963537,0.0,0.0015945906031678574,0.0032886209628974128,0.0034611257699588612
8552,2025-11-13 08:00:00,2025-11-14 08:00:00,1.1611,1.16321,0.7,30,1.1614508827527363,0.001164488640111168,0.0,0.0021928412718327703,0.0034611257699588612,0.0033279188047112703
8576,2025-11-14 08:00:00,2025-11-17 08:00:00,1.16321,1.16127,0.6666666666666666,30,1.163745069503784,0.0011358288259924853,0.0,0.0018627786018678705,0.0033279188047112703,0.003902943542964447
8600,2025-11-17 08:00:00,2025-11-18 08:00:00,1.16127,1.15909,0.9666666666666667,30,1.1637775421142578,0.0014572872076482073,0.0,0.0021236563284636107,0.003902943542964447,0.0020707335926899184
8624,2025-11-18 08:00:00,2025-11-19 08:00:00,1.15909,1.15807,0.9666666666666667,30,1.1610222379366557,0.001085905216948162,0.06666666666666667,0.0016047074260246489,0.0020707335926899184,0.002339873680662438
8648,2025-11-19 08:00:00,2025-11-20 08:00:00,1.15807,1.15192,1.0,30,1.1602645953496298,0.000927341171088129,0.0,0.0015806621485505176,0.002339873680662438,0.0032492741347862524
8672,2025-11-20 08:00:00,2025-11-21 08:00:00,1.15192,1.15407,0.9,30,1.1562865138053895,0.002897157666636741,0.03333333333333333,0.002206368690502655,0.0032492741347862524,0.002757503910581074
8696,2025-11-21 08:00:00,2025-11-24 08:00:00,1.15407,1.15115,0.9666666666666667,30,1.1578296383221944,0.001533164964330077,0.06666666666666667,0.0019701071034003005,0.002757503910581074,0.0031320265826356745
8720,2025-11-24 08:00:00,2025-11-25 08:00:00,1.15115,1.15221,1.0,30,1.1565567572911581,0.002533600743838935,0.06666666666666667,0.0023444050295562337,0.0031320265826356745,0.002829310246079139
8744,2025-11-25 08:00:00,2025-11-26 08:00:00,1.15221,1.15788,0.8666666666666667,30,1.155253521601359,0.0024841965370629676,0.1,0.0021601879531831666,0.002829310246079139,0.004375481833164288
8768,2025-11-26 08:00:00,2025-11-27 08:00:00,1.15788,1.15913,0.7,30,1.1593490560849509,0.001901215991603243,0.0,0.001948619287448175,0.004375481833164288,0.0033359201453061747
8792,2025-11-27 08:00:00,2025-11-28 08:00:00,1.15913,1.1578,0.7,30,1.1596869905789693,0.0014689385184244493,0.03333333333333333,0.0020808974913012327,0.0033359201453061747,0.0023293822233826193
8816,2025-11-28 08:00:00,2025-12-01 08:00:00,1.1578,1.16066,0.7333333333333333,30,1.1586021343866983,0.0010275337854024293,0.13333333333333333,0.0018252562092159628,0.0023293822233826193,0.0031355037328798354
8840,2025-12-01 08:00:00,2025-12-02 08:00:00,1.16066,1.1612,0.0,30,1.1567584951718648,0.0010848956343557222,0.06666666666666667,0.0021968619891376997,0.0031355037328798354,0.0027624213161170467
8864,2025-12-02 08:00:00,2025-12-03 08:00:00,1.1612,1.16406,0.03333333333333333,30,1.1588404218355814,0.0013752284908941283,0.03333333333333333,0.0020143959446301016,0.0027624213161170467,0.002308814118152146
8888,2025-12-03 08:00:00,2025-12-04 08:00:00,1.16406,1.16647,0.0,30,1.1591658274332681,0.0016605296183010525,0.5,0.0023520076912542163,0.002308814118152146,0.002100934642418773
8912,2025-12-04 08:00:00,2025-12-05 08:00:00,1.16647,1.16625,0.0,30,1.1614701390266418,0.0018817126291810718,0.7333333333333333,0.0023946659189924076,0.002100934642418773,0.002765508049908375
8936,2025-12-05 08:00:00,2025-12-08 08:00:00,1.16625,1.16576,0.0,30,1.1603312134742736,0.0019807635417279515,0.4,0.002872236141813295,0.002765508049908375,0.002168834060880363
8960,2025-12-08 08:00:00,2025-12-09 08:00:00,1.16576,1.16394,0.03333333333333333,30,1.1616902629534402,0.0013869405086282041,0.4,0.0021260701867166004,0.002168834060880363,0.0023697595173147326
8984,2025-12-09 08:00:00,2025-12-10 08:00:00,1.16394,1.16475,0.06666666666666667,30,1.1625195066134135,0.0008308690585536652,0.0,0.0013381565096303564,0.0023697595173147326,0.0023967677298126597
9008,2025-12-10 08:00:00,2025-12-11 08:00:00,1.16475,1.16932,0.0,30,1.1628496011098226,0.0009379975438770642,0.03333333333333333,0.0015923270922395098,0.0023967677298126597,0.003351344428003092
9032,2025-12-11 08:00:00,2025-12-12 08:00:00,1.16932,1.17372,0.0,30,1.1635289351145426,0.0014595799771583698,0.16666666666666666,0.0027151953317332738,0.003351344428003092,0.002649103548231073
9056,2025-12-12 08:00:00,2025-12-15 08:00:00,1.17372,1.17281,0.0,30,1.1652640342712401,0.0019243100664013836,0.8666666666666667,0.0035466157962168524,0.002649103548231073,0.0026246369203055727
9080,2025-12-15 08:00:00,2025-12-16 08:00:00,1.17281,1.17518,0.0,30,1.165326225757599,0.0030141173230161353,0.7,0.003273935083986507,0.0026246369203055727,0.002333030660490705
9104,2025-12-16 08:00:00,2025-12-17 08:00:00,1.17518,1.17126,0.06666666666666667,30,1.1701059858004252,0.003557063663604844,0.6666666666666666,0.0027347696688708473,0.002333030660490705,0.0043084202190740275
9128,2025-12-17 08:00:00,2025-12-18 08:00:00,1.17126,1.1733,0.03333333333333333,30,1.1679176211357116,0.001972352363720869,0.0,0.001973210783021095,0.0043084202190740275,0.0029579464685715175
9152,2025-12-18 08:00:00,2025-12-19 08:00:00,1.1733,1.17071,0.0,30,1.1701163411140443,0.0016120614715279084,0.03333333333333333,0.0018089444925479938,0.0029579464685715175,0.0035902523774689354
9176,2025-12-19 08:00:00,2025-12-22 08:00:00,1.17071,1.17287,0.03333333333333333,30,1.1677748123804728,0.001268387272816977,0.0,0.002125172635869072,0.0035902523774689354,0.0027300719860952833
9200,2025-12-22 08:00:00,2025-12-23 08:00:00,1.17287,1.17782,0.0,30,1.1695048093795777,0.0017294427751687919,0.0,0.0017649669736438875,0.0027300719860952833,0.0025083796109448453
9224,2025-12-23 08:00:00,2025-12-24 08:00:00,1.17782,1.17885,0.0,30,1.173057198524475,0.001652406962930563,0.4666666666666667,0.002422517084092168,0.0025083796109448453,0.0028424355006340394
9248,2025-12-24 08:00:00,2025-12-26 08:00:00,1.17885,1.17725,0.0,30,1.1748079578081767,0.0018199089229226598,0.16666666666666666,0.0023788656071538914,0.0028424355006340394,0.0019047049569857195
9272,2025-12-26 08:00:00,2025-12-29 08:00:00,1.17725,1.1777,0.0,30,1.173249061902364,0.001876415057645381,0.4666666666666667,0.0018750088258341797,0.0019047049569857195,0.0028200464738413512
9296,2025-12-29 08:00:00,2025-12-30 08:00:00,1.1777,1.177,0.0,30,1.171769877274831,0.0023152728840654196,0.16666666666666666,0.002366890928198954,0.0028200464738413512,0.0028663628500870397
9320,2025-12-30 08:00:00,2025-12-31 08:00:00,1.177,1.17365,0.0,30,1.1744822184244792,0.001943173980859669,0.0,0.0016783402209486062,0.0028663628500870397,0.001733956659611001
9344,2025-12-31 08:00:00,2026-01-02 08:00:00,1.17365,1.17345,0.2,30,1.1730358600616455,0.0007289552720466171,0.03333333333333333,0.0013347781025706323,0.001733956659611001,0.00345309311044861
9368,2026-01-02 08:00:00,2026-01-05 08:00:00,1.17345,1.1686,0.5,30,1.1737104376157126,0.0011623294141928063,0.0,0.0017475076614963155,0.00345309311044861,0.0034161220074429162
9392,2026-01-05 08:00:00,2026-01-06 08:00:00,1.1686,1.17286,0.5,30,1.168806533018748,0.002370662807215888,0.0,0.002191821496301973,0.0034161220074429162,0.0032262924473293263
9416,2026-01-06 08:00:00,2026-01-07 08:00:00,1.17286,1.16823,0.23333333333333334,30,1.1715427796045939,0.001577888600281637,0.0,0.0019720057645157755,0.0032262924473293263,0.0031191166003346022
9440,2026-01-07 08:00:00,2026-01-08 08:00:00,1.16823,1.16776,0.06666666666666667,30,1.166606350739797,0.001045584069072383,0.0,0.0021173985676295175,0.0031191166003346022,0.0013061837318068122
9464,2026-01-08 08:00:00,2026-01-09 08:00:00,1.16776,1.16502,0.1,30,1.1662531574567159,0.0009329967579629103,0.9333333333333333,0.001855376540501874,0.0013061837318068122,0.0020704018769575213
9488,2026-01-09 08:00:00,2026-01-12 08:00:00,1.16502,1.16846,0.3333333333333333,30,1.1647478342056274,0.0011228990968627705,0.5,0.0021288161490990876,0.0020704018769575213,0.004261809755897476
9512,2026-01-12 08:00:00,2026-01-13 08:00:00,1.16846,1.16632,0.03333333333333333,30,1.1662723620732625,0.001653096489915286,0.0,0.0022379815800996155,0.004261809755897476,0.0024723564652124994
9536,2026-01-13 08:00:00,2026-01-14 08:00:00,1.16632,1.16458,1.0,30,1.1714492440223694,0.0019120631478295562,0.3333333333333333,0.0022854524981986775,0.0024723564652124994,0.0026012068869700235
9560,2026-01-14 08:00:00,2026-01-15 08:00:00,1.16458,1.16281,1.0,30,1.1722908775011698,0.0016114485285994144,0.6,0.002811069577999751,0.0026012068869700235,0.00231523082793261
9584,2026-01-15 08:00:00,2026-01-16 08:00:00,1.16281,1.16115,1.0,30,1.1704344669977824,0.002330025777197483,0.7,0.002609708823858607,0.00231523082793261,0.0024710424022440784
9608,2026-01-16 08:00:00,2026-01-19 08:00:00,1.16115,1.16256,1.0,30,1.1677377978960672,0.002047501896337077,0.5333333333333333,0.0027119068044222975,0.0024710424022440784,0.004662475017456424
9632,2026-01-19 08:00:00,2026-01-20 08:00:00,1.16256,1.16883,1.0,30,1.169270396232605,0.002442290949371948,0.0,0.002641647456582993,0.004662475017456424,0.0025193939685116263
9656,2026-01-20 08:00:00,2026-01-21 08:00:00,1.16883,1.17166,0.7666666666666667,30,1.1702353755633037,0.0012039554557734353,0.2,0.0019987947753211674,0.0025193939685116263,0.003802763649835327
9680,2026-01-21 08:00:00,2026-01-22 08:00:00,1.17166,1.16898,0.2,30,1.1709797541300455,0.00099945675150132,0.0,0.0016607416656909022,0.003802763649835327,0.0036647812710426234
9704,2026-01-22 08:00:00,2026-01-23 08:00:00,1.16898,1.17355,1.0,30,1.17164835135142,0.0013259456287436655,0.0,0.0019097615748841358,0.0036647812710426234,0.0023661613999300278
9728,2026-01-23 08:00:00,2026-01-26 08:00:00,1.17355,1.18386,0.6333333333333333,30,1.1741905768712362,0.0012814945053511032,0.03333333333333333,0.0018259891479994075,0.0023661613999300278,0.006949842224764945
9752,2026-01-26 08:00:00,2026-01-27 08:00:00,1.18386,1.18635,0.03333333333333333,30,1.178357712427775,0.0023435342181752695,0.0,0.0034518248812533984,0.006949842224764945,0.003987442778896437
9776,2026-01-27 08:00:00,2026-01-28 08:00:00,1.18635,1.19907,0.0,30,1.178267772992452,0.002308061218839095,0.1,0.003438409894742445,0.003987442778896437,0.00696868394962595
9800,2026-01-28 08:00:00,2026-01-29 08:00:00,1.19907,1.19736,0.06666666666666667,30,1.1826242446899413,0.010217547883652988,0.3333333333333333,0.008100647603992503,0.00696868394962595,0.005186023196896267
9824,2026-01-29 08:00:00,2026-01-30 08:00:00,1.19736,1.19374,0.1,30,1.188673480351766,0.007370363654794464,0.23333333333333334,0.005251296352694836,0.005186023196896267,0.005900687490422614
9848,2026-01-30 08:00:00,2026-02-02 08:00:00,1.19374,1.18531,0.03333333333333333,30,1.185360586643219,0.0034536882211351214,0.03333333333333333,0.0040922102584595825,0.005900687490422614,0.00529697735328652
9872,2026-02-02 08:00:00,2026-02-03 08:00:00,1.18531,1.18146,0.2,30,1.1845089515050253,0.0012775167920193382,0.0,0.0018380127964806976,0.00529697735328652,0.004705107834837824
9896,2026-02-03 08:00:00,2026-02-04 08:00:00,1.18146,1.18316,0.3333333333333333,30,1.1806099096934,0.0018416851656649963,0.0,0.0025442566826258755,0.004705107834837824,0.0033315558862769276
9920,2026-02-04 08:00:00,2026-02-05 08:00:00,1.18316,1.17984,0.1,30,1.1812353690465291,0.0015404000996591739,0.13333333333333333,0.0026833537600540734,0.0033315558862769276,0.0031691121199834736
9944,2026-02-05 08:00:00,2026-02-06 08:00:00,1.17984,1.17908,0.5666666666666667,30,1.1801849404970806,0.0009895055443115692,0.0,0.0021529589763844372,0.0031691121199834736,0.0033057801675292304
9968,2026-02-06 08:00:00,2026-02-09 08:00:00,1.17908,1.18552,1.0,30,1.1806408802668253,0.0011011494115652895,0.03333333333333333,0.002221855143236566,0.0033057801675292304,0.0031067027111068117
9992,2026-02-09 08:00:00,2026-02-10 08:00:00,1.18552,1.1908,0.03333333333333333,30,1.1828962127367655,0.0014513932175398544,0.0,0.0022597465636148345,0.0031067027111068117,0.003502798502707843
10016,2026-02-10 08:00:00,2026-02-11 08:00:00,1.1908,1.19175,0.03333333333333333,30,1.186260735988617,0.002819603845803829,0.0,0.0023833269621645675,0.003502798502707843,0.0029592947673885797
10040,2026-02-11 08:00:00,2026-02-12 08:00:00,1.19175,1.18727,0.03333333333333333,30,1.1847377260526022,0.00277205333292455,0.5,0.0029064646726211763,0.0029592947673885797,0.004441533093736422
10064,2026-02-12 08:00:00,2026-02-13 08:00:00,1.18727,1.18583,0.03333333333333333,30,1.1840426643689475,0.0017570402869498704,0.0,0.002695733175421518,0.004441533093736422,0.0025852547461978725
10088,2026-02-13 08:00:00,2026-02-16 08:00:00,1.18583,1.18624,0.16666666666666666,30,1.1844672401746115,0.0011340542065850889,0.1,0.002121100333947836,0.0025852547461978725,0.0029730653342860203
10112,2026-02-16 08:00:00,2026-02-17 08:00:00,1.18624,1.18323,0.2,30,1.1851923902829489,0.0016993126727096884,0.0,0.0018003441367507773,0.0029730653342860203,0.0015867847740903918
10136,2026-02-17 08:00:00,2026-02-18 08:00:00,1.18323,1.18342,0.6333333333333333,30,1.1827518105506898,0.003255924582818278,0.6666666666666666,0.0019176918063802547,0.0015867847740903918,0.002937352242102838
10160,2026-02-18 08:00:00,2026-02-19 08:00:00,1.18342,1.18003,0.5,29,1.183447579542796,0.0018538517032524353,0.03333333333333333,0.001975041942868931,0.002937352242102838,0.0027522786995040215
10184,2026-02-19 08:00:00,2026-02-20 08:00:00,1.18003,1.17509,0.36666666666666664,30,1.1790061314900717,0.0021884422176204343,0.06666666666666667,0.0018682428307707137,0.0027522786995040215,0.002638088817150904
10208,2026-02-20 08:00:00,2026-02-23 08:00:00,1.17509,1.18229,0.2,30,1.173734474182129,0.0016329622840790738,0.03333333333333333,0.0021103056565223654,0.002638088817150904,0.004363831207735594
10232,2026-02-23 08:00:00,2026-02-24 08:00:00,1.18229,1.17786,0.06666666666666667,30,1.179030211766561,0.0021146772037023446,0.0,0.0021894525790890347,0.004363831207735594,0.003109777934546215
10256,2026-02-24 08:00:00,2026-02-25 08:00:00,1.17786,1.17968,1.0,30,1.1824097156524658,0.002061184317965218,0.06666666666666667,0.002368870084463804,0.003109777934546215,0.0024683837280330793
10280,2026-02-25 08:00:00,2026-02-26 08:00:00,1.17968,1.18153,0.9,30,1.182361121972402,0.0020977333709796962,0.13333333333333333,0.0021450887844902187,0.0024683837280330793,0.002758398427559256
10304,2026-02-26 08:00:00,2026-02-27 08:00:00,1.18153,1.18146,0.8333333333333334,30,1.1830459475517272,0.002733140533177645,0.16666666666666666,0.002196623646409124,0.002758398427559256,0.0033136496822394747
10328,2026-02-27 08:00:00,2026-03-02 08:00:00,1.18146,1.1716,0.7,30,1.1819861610730489,0.002172480587160873,0.06666666666666667,0.0024152664162234087,0.0033136496822394747,0.005710773314345817
10352,2026-03-02 08:00:00,2026-03-03 08:00:00,1.1716,1.16432,1.0,30,1.1810481866200766,0.0017144916453412844,0.03333333333333333,0.003627562474229551,0.005710773314345817,0.005935078927418134
10376,2026-03-03 08:00:00,2026-03-04 08:00:00,1.16432,1.16152,1.0,30,1.1817944248517354,0.0017025693684335473,0.4,0.00591908246506399,0.005935078927418134,0.006072132893936147
10400,2026-03-04 08:00:00,2026-03-05 08:00:00,1.16152,1.16046,1.0,30,1.1743138154347739,0.004331216279460342,0.26666666666666666,0.004940060651869195,0.006072132893936147,0.004481600380492564
10424,2026-03-05 08:00:00,2026-03-06 08:00:00,1.16046,1.16143,1.0,30,1.1742350737253824,0.00411791110663925,0.5666666666666667,0.005283938878106842,0.004481600380492564,0.004878693354897588
10448,2026-03-06 08:00:00,2026-03-09 07:00:00,1.16143,1.15441,1.0,30,1.1706036408742269,0.003258253328781274,0.16666666666666666,0.004416616701854773,0.004878693354897588,0.008900087771730722
10472,2026-03-09 07:00:00,2026-03-10 07:00:00,1.15441,1.16321,1.0,30,1.167671004931132,0.0034119657564115682,0.0,0.004961206046022075,0.008900087771730722,0.006050515403081243
10496,2026-03-10 07:00:00,2026-03-11 07:00:00,1.16321,1.16329,1.0,29,1.1697505116462708,0.003305052326730727,0.0,0.003624797253857041,0.006050515403081243,0.004103256261715456
10520,2026-03-11 07:00:00,2026-03-12 07:00:00,1.16329,1.15474,0.8333333333333334,30,1.1670084873835245,0.0030749899872171867,0.13333333333333333,0.0030057534646084723,0.004103256261715456,0.004463225101932638
10544,2026-03-12 07:00:00,2026-03-13 07:00:00,1.15474,1.14825,1.0,30,1.164535359541575,0.0060754590060044765,0.6333333333333333,0.00471986659345566,0.004463225101932638,0.0031769301650556433
10568,2026-03-13 07:00:00,2026-03-16 07:00:00,1.14825,1.14312,1.0,30,1.1642333388328552,0.007077096272457534,1.0,0.006595348835767252,0.0031769301650556433,0.00451549655534563
10592,2026-03-16 07:00:00,2026-03-17 07:00:00,1.14312,1.14813,1.0,30,1.1621888399124145,0.006917401752832603,0.9666666666666667,0.007317088782074791,0.00451549655534563,0.004947804039622697
10616,2026-03-17 07:00:00,2026-03-18 07:00:00,1.14813,1.15419,1.0,30,1.1546021382013956,0.0038704744619070274,0.16666666666666666,0.004120619613848209,0.004947804039622697,0.0031634429610109755
10640,2026-03-18 07:00:00,2026-03-19 07:00:00,1.15419,1.14646,0.9666666666666667,30,1.162292758623759,0.00400943039776902,0.7666666666666667,0.003603917182626255,0.0031634429610109755,0.005727538715492996
10664,2026-03-19 07:00:00,2026-03-20 07:00:00,1.14646,1.15588,0.9,30,1.1535456458727518,0.0049974336945656965,0.03333333333333333,0.004031179427489965,0.005727538715492996,0.00546155657938215
10688,2026-03-20 07:00:00,2026-03-23 07:00:00,1.15588,1.15301,0.9666666666666667,30,1.161605672041575,0.0036181478904929194,0.0,0.0031115261590527687,0.00546155657938215,0.005608469493321982
10712,2026-03-23 07:00:00,2026-03-24 07:00:00,1.15301,1.15917,1.0,30,1.160646096865336,0.003823682068809644,0.0,0.0037919829569093215,0.005608469493321982,0.009899289047760928
10736,2026-03-24 07:00:00,2026-03-25 07:00:00,1.15917,1.15956,0.9,30,1.162565282980601,0.003158297361641918,0.0,0.0034833839168131094,0.009899289047760928,0.003974696398510764
10760,2026-03-25 07:00:00,2026-03-26 07:00:00,1.15956,1.15662,0.9,30,1.1634692033131917,0.0031552649336325385,0.13333333333333333,0.003053687774944225,0.003974696398510764,0.003595607055487721
10784,2026-03-26 07:00:00,2026-03-27 07:00:00,1.15662,1.15341,0.8333333333333334,30,1.159815506140391,0.003619298062732318,0.13333333333333333,0.0027947735091712186,0.003595607055487721,0.0040397800214728285
10808,2026-03-27 07:00:00,2026-03-30 08:00:00,1.15341,1.15125,0.6333333333333333,30,1.154964315891266,0.0043100242114223215,0.03333333333333333,0.002644654292321682,0.0040397800214728285,0.0030480731862815975
10832,2026-03-30 08:00:00,2026-03-31 08:00:00,1.15125,1.14718,0.6666666666666666,30,1.1524091243743897,0.002310345046080732,0.2,0.00248215402260324,0.0030480731862815975,0.0031355355225544507
10856,2026-03-31 08:00:00,2026-04-01 08:00:00,1.14718,1.15906,0.8,29,1.1487844785054524,0.002764662048176728,0.23333333333333334,0.0027846870052027845,0.0031355355225544507,0.005600249119252226
10880,2026-04-01 08:00:00,2026-04-02 08:00:00,1.15906,1.1534,0.5666666666666667,30,1.159585460027059,0.0019827632036469975,0.0,0.002832272670670447,0.005600249119252226,0.005335516178259356
10904,2026-04-02 08:00:00,2026-04-03 08:00:00,1.1534,1.15394,0.9333333333333333,30,1.155948237578074,0.002145947940704255,0.0,0.0024825151601804295,0.005335516178259356,0.0026504494389345363
10928,2026-04-03 08:00:00,2026-04-06 08:00:00,1.15394,1.15326,0.9333333333333333,30,1.1558435161908467,0.0018209028956028247,0.4,0.0024086084940711794,0.0026504494389345363,0.0025351056038536413
10952,2026-04-06 08:00:00,2026-04-07 08:00:00,1.15326,1.15442,0.8666666666666667,30,1.155298082033793,0.0018146554754611057,0.13333333333333333,0.0019773429691883494,0.0025351056038536413,0.0036149590398776186
10976,2026-04-07 08:00:00,2026-04-08 08:00:00,1.15442,1.16956,0.7666666666666667,30,1.1551426887512206,0.0010063172196359772,0.0,0.0017081893346091853,0.0036149590398776186,0.007777908454661453
11000,2026-04-08 08:00:00,2026-04-09 08:00:00,1.16956,1.16635,0.0,30,1.1626213749249776,0.0022672217169474283,0.0,0.0036815383708494747,0.007777908454661453,0.0040538599474136145
11024,2026-04-09 08:00:00,2026-04-10 08:00:00,1.16635,1.16836,0.1,30,1.1638930201530457,0.003562666980009908,0.13333333333333333,0.0034750847725530582,0.0040538599474136145,0.003095689799153301
11048,2026-04-10 08:00:00,2026-04-13 08:00:00,1.16836,1.16849,0.16666666666666666,30,1.1633349935213724,0.004793638424329925,0.6,0.005343306831621456,0.003095689799153301,0.0056588937474016335
11072,2026-04-13 08:00:00,2026-04-14 08:00:00,1.16849,1.17774,0.1,30,1.1630022843678793,0.003596659646652389,0.03333333333333333,0.0034310149267273832,0.0056588937474016335,0.004169608608044189
11096,2026-04-14 08:00:00,2026-04-15 08:00:00,1.17774,1.17839,0.03333333333333333,30,1.1699135939280192,0.007704483454820813,0.3,0.005864752984435834,0.004169608608044189,0.002436083624909806
11120,2026-04-15 08:00:00,2026-04-16 08:00:00,1.17839,1.1803,0.13333333333333333,30,1.1758083383242288,0.0035832830658119865,0.7333333333333333,0.0034068008853559272,0.002436083624909806,0.00223398553578801
11144,2026-04-16 08:00:00,2026-04-17 08:00:00,1.1803,1.17743,0.3333333333333333,30,1.1789983669916788,0.00289872879690772,0.8,0.0027775842273146485,0.00223398553578801,0.0021904647725362477
11168,2026-04-17 08:00:00,2026-04-20 08:00:00,1.17743,1.17643,0.4,30,1.17567032178243,0.002780963754231576,0.4666666666666667,0.0022870683448419577,0.0021904647725362477,0.005721704034649832
11192,2026-04-20 08:00:00,2026-04-21 08:00:00,1.17643,1.17742,0.0,30,1.1724898219108582,0.0018778161699511578,0.0,0.0018655806145910674,0.005721704034649832,0.0019416597427584224
11216,2026-04-21 08:00:00,2026-04-22 08:00:00,1.17742,1.17491,0.03333333333333333,30,1.1754548708597818,0.0011342809344831147,0.06666666666666667,0.0014674466253181515,0.0019416597427584224,0.0029234516675575696
11240,2026-04-22 08:00:00,2026-04-23 08:00:00,1.17491,1.17032,0.0,30,1.1731970191001893,0.0013637337091723766,0.0,0.0014182909953548708,0.0029234516675575696,0.0032024990464756577
11264,2026-04-23 08:00:00,2026-04-24 08:00:00,1.17032,1.16781,0.36666666666666664,30,1.169902761777242,0.0008555863809798207,0.0,0.001850050231255274,0.0032024990464756577,0.0026761984644817155
11288,2026-04-24 08:00:00,2026-04-27 08:00:00,1.16781,1.17291,1.0,28,1.168937873840332,0.0007119873357763965,0.0,0.001426832111186295,0.0026761984644817155,0.003011047595727033
11312,2026-04-27 08:00:00,2026-04-28 08:00:00,1.17291,1.16871,0.0,30,1.1700671593348184,0.0009113621497999671,0.0,0.0019781639162843047,0.003011047595727033,0.0025811917489161197
11336,2026-04-28 08:00:00,2026-04-29 08:00:00,1.16871,1.16995,0.6,30,1.1689010659853618,0.0018378198383035757,0.06666666666666667,0.0018084102759064024,0.0025811917489161197,0.002438481543797719
11360,2026-04-29 08:00:00,2026-04-30 08:00:00,1.16995,1.167,0.5666666666666667,30,1.169781506061554,0.00121120340488682,0.0,0.0014126853546268497,0.002438481543797719,0.003070494215417653
11384,2026-04-30 08:00:00,2026-05-01 08:00:00,1.167,1.1735,0.0,30,1.1646496772766113,0.0016413179851282077,0.03333333333333333,0.0020130848326960515,0.003070494215417653,0.00452021029632806
11408,2026-05-01 08:00:00,2026-05-04 08:00:00,1.1735,1.17284,0.03333333333333333,30,1.1704761981964111,0.0028398758980657133,0.06666666666666667,0.002188241819602681,0.00452021029632806,0.0035357210449925296
11432,2026-05-04 08:00:00,2026-05-05 08:00:00,1.17284,1.16855,0.03333333333333333,30,1.1647790352503458,0.004560645289297952,0.36666666666666664,0.003611859974742722,0.0035357210449925296,0.0031622673881110262
11456,2026-05-05 08:00:00,2026-05-06 08:00:00,1.16855,1.17332,0.0,30,1.1598801096280416,0.002958800099627228,0.5666666666666667,0.0035172886616536276,0.0031622673881110262,0.0025894916528299288
11480,2026-05-06 08:00:00,2026-05-07 08:00:00,1.17332,1.17474,0.0,30,1.1655801375706991,0.0045760613818793825,0.7,0.0033155728411927736,0.0025894916528299288,0.00376593376637797
11504,2026-05-07 08:00:00,2026-05-08 08:00:00,1.17474,1.17442,0.0,30,1.170074705282847,0.0016988621521292428,0.06666666666666667,0.0025504802949596088,0.00376593376637797,0.0032088165159992067
11528,2026-05-08 08:00:00,2026-05-11 08:00:00,1.17442,1.1767,0.1,30,1.171704399585724,0.0024114676716798194,0.03333333333333333,0.0021939259387334727,0.0032088165159992067,0.003784638242861063
11552,2026-05-11 08:00:00,2026-05-12 08:00:00,1.1767,1.17499,0.03333333333333333,30,1.1740588982899984,0.0013046156054442018,0.0,0.0019578457087956946,0.003784638242861063,0.002317620973034681
11576,2026-05-12 08:00:00,2026-05-13 08:00:00,1.17499,1.17196,0.6,30,1.17492595911026,0.0017069960382027677,0.1,0.0017966278827376706,0.002317620973034681,0.002445330515207809
11600,2026-05-13 08:00:00,2026-05-14 08:00:00,1.17196,1.17178,1.0,30,1.1759247660636902,0.0013121364318004097,0.2,0.002100327218815187,0.002445330515207809,0.0021254274774087888
11624,2026-05-14 08:00:00,2026-05-15 08:00:00,1.17178,1.16346,1.0,30,1.1764535148938497,0.0010544279045249692,0.23333333333333334,0.0019200513131714335,0.0021254274774087888,0.0026446209047696644
11648,2026-05-15 08:00:00,2026-05-18 08:00:00,1.16346,1.16354,1.0,30,1.172987405459086,0.0030067889844643996,0.8666666666666667,0.004073630215009664,0.0026446209047696644,0.0030996217851636467
11672,2026-05-18 08:00:00,2026-05-19 08:00:00,1.16354,1.16364,1.0,30,1.1710370540618897,0.0029270934530596683,0.6333333333333333,0.0035935131457352286,0.0030996217851636467,0.003630229691655377
11696,2026-05-19 08:00:00,2026-05-20 08:00:00,1.16364,1.15962,1.0,30,1.170865289370219,0.002533550038370656,0.1,0.0028009351210745415,0.003630229691655377,0.002411827192189756
11720,2026-05-20 08:00:00,2026-05-21 08:00:00,1.15962,1.16199,1.0,30,1.1696262160936992,0.0036256266149617584,0.9666666666666667,0.004464261188377775,0.002411827192189756,0.00343773980540575
11744,2026-05-21 08:00:00,2026-05-22 08:00:00,1.16199,1.16092,1.0,30,1.1679204980532327,0.0022539610436514714,0.16666666666666666,0.0027889384581928777,0.00343773980540575,0.004241778683922306
11768,2026-05-22 08:00:00,2026-05-25 08:00:00,1.16092,1.16406,1.0,30,1.1681485493977866,0.0016539414282270432,0.13333333333333333,0.0031310108215891,0.004241778683922306,0.003254302418470904
11792,2026-05-25 08:00:00,2026-05-26 08:00:00,1.16406,1.16346,0.9666666666666667,29,1.1687846144040426,0.001774135927734819,0.03333333333333333,0.0021087560807295383,0.003254302418470904,0.0015969044322737395
11816,2026-05-26 08:00:00,2026-05-27 08:00:00,1.16346,1.16451,0.9666666666666667,30,1.1669312079747518,0.002121607856654713,0.6666666666666666,0.0017977276397296027,0.0015969044322737395,0.0016068706452566348
11840,2026-05-27 08:00:00,2026-05-28 08:00:00,1.16451,1.16098,0.8666666666666667,30,1.16732710202535,0.0017092682351031899,0.6,0.0017822729923631633,0.0016068706452566348,0.00335476395943447
11864,2026-05-28 08:00:00,2026-05-29 08:00:00,1.16098,1.16533,1.0,30,1.1659656564394634,0.0025514018472344237,0.03333333333333333,0.0022110230718057687,0.00335476395943447,0.0031995940144441755
11888,2026-05-29 08:00:00,2026-06-01 08:00:00,1.16533,1.16643,0.9666666666666667,30,1.1677431464195251,0.0011873178340435827,0.0,0.0017594850837260464,0.0031995940144441755,0.003371405066001249
11912,2026-06-01 08:00:00,2026-06-02 08:00:00,1.16643,1.16501,0.9666666666666667,30,1.168383781115214,0.0012490835452156747,0.0,0.0016068250461614975,0.003371405066001249,0.003990131038887658
11936,2026-06-02 08:00:00,2026-06-03 08:00:00,1.16501,1.16159,0.9,30,1.1670020858446757,0.0015819844547977566,0.0,0.0017051236344264695,0.003990131038887658,0.0021059899175128382
11960,2026-06-03 08:00:00,2026-06-04 08:00:00,1.16159,1.161,0.8666666666666667,30,1.1640293955802918,0.0016807165227789025,0.13333333333333333,0.0018071748542689424,0.0021059899175128382,0.002283517172930747
11984,2026-06-04 08:00:00,2026-06-05 08:00:00,1.161,1.1622,0.6666666666666666,30,1.1620861649513246,0.0019984196296117507,0.1,0.0017011822353642612,0.002283517172930747,0.0021683193709750343
12008,2026-06-05 08:00:00,2026-06-08 08:00:00,1.1622,1.15146,0.7333333333333333,30,1.1636667092641195,0.001982138055745917,0.23333333333333334,0.001879589618855486,0.0021683193709750343,0.006066674757400885
12032,2026-06-08 08:00:00,2026-06-09 08:00:00,1.15146,1.15437,1.0,30,1.1581030011177063,0.004789151435351571,0.1,0.003955045597635076,0.006066674757400885,0.002344944533014459
12056,2026-06-09 08:00:00,2026-06-10 08:00:00,1.15437,1.15485,0.9333333333333333,30,1.1571311036745706,0.0026697005041047676,0.5666666666666667,0.0026040428034742355,0.002344944533014459,0.00284795455883498
12080,2026-06-10 08:00:00,2026-06-11 08:00:00,1.15485,1.15413,0.7333333333333333,30,1.1563129742940268,0.002477420545359415,0.06666666666666667,0.0021600432231779795,0.00284795455883498,0.0031084488764831215
12104,2026-06-11 08:00:00,2026-06-12 08:00:00,1.15413,1.15725,0.9333333333333333,30,1.15807390610377,0.002469072231141474,0.23333333333333334,0.002634949086986792,0.0031084488764831215,0.005115429392081838
12128,2026-06-12 08:00:00,2026-06-15 08:00:00,1.15725,1.1606,0.7,30,1.1584345340728759,0.002231108633440419,0.0,0.002043433932777187,0.005115429392081838,0.004097733327572481
12152,2026-06-15 08:00:00,2026-06-16 08:00:00,1.1606,1.15869,0.8333333333333334,30,1.1616055846214295,0.0010275469974588454,0.0,0.001792430907309049,0.004097733327572481,0.002280271945987479
12176,2026-06-16 08:00:00,2026-06-17 08:00:00,1.15869,1.16077,0.5333333333333333,30,1.1587472796440124,0.001623927160002159,0.1,0.0018517257683716463,0.002280271945987479,0.0025574885503296466
12200,2026-06-17 08:00:00,2026-06-18 08:00:00,1.16077,1.15192,0.5666666666666667,30,1.1610184590021768,0.0014032319049416225,0.06666666666666667,0.0016076851749576954,0.0025574885503296466,0.006712669927604874
12224,2026-06-18 08:00:00,2026-06-19 08:00:00,1.15192,1.14416,1.0,30,1.1554745793342591,0.0016417670658078613,0.0,0.0023089797034033196,0.006712669927604874,0.004405903785617574
12248,2026-06-19 08:00:00,2026-06-22 08:00:00,1.14416,1.146,1.0,30,1.1570553302764892,0.004133405842743544,0.7666666666666667,0.00818351957124761,0.004405903785617574,0.002656512958449859
12272,2026-06-22 08:00:00,2026-06-23 08:00:00,1.146,1.14225,1.0,29,1.1562488317489623,0.002742541063160437,0.8666666666666667,0.004209201856456291,0.002656512958449859,0.0035140094348181093
12296,2026-06-23 08:00:00,2026-06-24 08:00:00,1.14225,1.1359,1.0,30,1.1534310301144919,0.0037186595311566005,0.6666666666666666,0.00466110388693129,0.0035140094348181093,0.002423129363449002
12320,2026-06-24 08:00:00,2026-06-25 08:00:00,1.1359,1.13523,1.0,30,1.1501742243766784,0.005650264708903787,1.0,0.006503076564377972,0.002423129363449002,0.002820746276326046
12344,2026-06-25 08:00:00,2026-06-26 08:00:00,1.13523,1.13749,1.0,30,1.1441148161888122,0.003764282322043655,0.9333333333333333,0.004133057569657035,0.002820746276326046,0.0033601439137117325
12368,2026-06-26 08:00:00,2026-06-29 08:00:00,1.13749,1.14117,1.0,30,1.1420246720314027,0.00400035366559879,0.6333333333333333,0.003619755728302473,0.0033601439137117325,0.0047623287956879
12392,2026-06-29 08:00:00,2026-06-30 08:00:00,1.14117,1.14025,0.9666666666666667,30,1.1468734343846638,0.003709006194429688,0.03333333333333333,0.0032083197207646305,0.0047623287956879,0.0029559115534420603
12416,2026-06-30 08:00:00,2026-07-01 08:00:00,1.14025,1.14028,0.9666666666666667,30,1.1455618540445964,0.0030507279224320236,0.2,0.002690290710982302,0.0029559115534420603,0.004128020974047644
12440,2026-07-01 08:00:00,2026-07-02 08:00:00,1.14028,1.13941,0.8666666666666667,30,1.1441194772720338,0.003480474953846106,0.03333333333333333,0.00264749657431559,0.004128020974047644,0.0033685853172636905
12464,2026-07-02 08:00:00,2026-07-03 08:00:00,1.13941,1.14535,0.9333333333333333,30,1.145112729072571,0.003422394936255337,0.26666666666666666,0.0028122122173601955,0.0033685853172636905,0.004910495399887075
12488,2026-07-03 08:00:00,2026-07-06 08:00:00,1.14535,1.14227,0.9666666666666667,30,1.149504506587982,0.0017907900332932085,0.0,0.0027088144625354053,0.004910495399887075,0.0021562115619945233
12512,2026-07-06 08:00:00,2026-07-07 08:00:00,1.14227,1.14293,0.9333333333333333,30,1.1462073882420858,0.002643933247692947,0.6333333333333333,0.0022824835900066387,0.0021562115619945233,0.0020915980853918026
12536,2026-07-07 08:00:00,2026-07-08 08:00:00,1.14293,1.14219,0.9666666666666667,30,1.1453726530075072,0.0016256359545769963,0.3333333333333333,0.001916964901915631,0.0020915980853918026,0.0021499401751449536
12560,2026-07-08 08:00:00,2026-07-09 08:00:00,1.14219,1.14415,0.9333333333333333,30,1.144194980462392,0.0016780102275684543,0.03333333333333333,0.0016348391897086242,0.0021499401751449536,0.0034718552965517426
12584,2026-07-09 08:00:00,2026-07-10 08:00:00,1.14415,1.14417,0.9333333333333333,30,1.1462360143661499,0.001568061086852946,0.0,0.0019429448895820578,0.0034718552965517426,0.0027643888446593134
12608,2026-07-10 08:00:00,2026-07-13 08:00:00,1.14417,1.14006,0.9333333333333333,30,1.1464513500531515,0.0013000204698752824,0.0,0.001762298938925704,0.0027643888446593134,0.0028784937181167854
12632,2026-07-13 08:00:00,2026-07-14 08:00:00,1.14006,1.13857,0.8,30,1.143134391307831,0.003228453321828903,0.16666666666666666,0.002320736870213644,0.0028784937181167854,0.0033675202400562368
12656,2026-07-14 08:00:00,2026-07-15 08:00:00,1.13857,1.14281,0.8,30,1.140585760275523,0.0021736848791801514,0.0,0.0023527695047727342,0.0033675202400562368,0.004600608330600425
12680,2026-07-15 08:00:00,2026-07-16 08:00:00,1.14281,1.14682,0.9666666666666667,30,1.1448875069618225,0.001442685207811931,0.0,0.0018878646687799613,0.004600608330600425,0.0035699536223931998
12704,2026-07-16 08:00:00,2026-07-17 08:00:00,1.14682,1.14495,0.7,30,1.1488352775573731,0.005276546803340645,0.1,0.0023570034942830462,0.0035699536223931998,0.0027598120117093682
12728,2026-07-17 08:00:00,2026-07-20 08:00:00,1.14495,1.14345,0.8666666666666667,30,1.1485377391179403,0.0038111535035209444,0.3,0.0025867100213865764,0.0027598120117093682,0.002152981356732827
12752,2026-07-20 08:00:00,2026-07-21 08:00:00,1.14345,1.14209,0.9333333333333333,30,1.1448126912117005,0.0011695602135719455,0.1,0.0016550898295643955,0.002152981356732827,0.002003359275293014
12776,2026-07-21 08:00:00,2026-07-22 08:00:00,1.14209,1.14116,0.8333333333333334,30,1.1429712414741515,0.0009277240204886409,0.03333333333333333,0.0012238413344996216,0.002003359275293014,0.0011157914069315695
12800,2026-07-22 08:00:00,2026-07-23 08:00:00,1.14116,1.14249,0.8333333333333334,30,1.1417345643043517,0.0005954429043589687,0.5666666666666667,0.0011389202442315953,0.0011157914069315695,0.0016524064904545226
12824,2026-07-23 08:00:00,2026-07-24 08:00:00,1.14249,1.13864,0.3,30,1.1419099926948548,0.0009247608985289476,0.06666666666666667,0.0013621409760493437,0.0016524064904545226,0.0027807383939509266
12848,2026-07-24 08:00:00,2026-07-27 08:00:00,1.13864,1.14074,0.5,30,1.1387287616729735,0.0014832811285800484,0.0,0.0015996637254022386,0.0027807383939509266,0.002910852414881765
12872,2026-07-27 08:00:00,2026-07-28 08:00:00,1.14074,1.13684,0.3333333333333333,30,1.1398224751154582,0.0012035508402407345,0.0,0.0014537856718981818,0.002910852414881765,0.002134069735473197
12896,2026-07-28 08:00:00,2026-07-29 08:00:00,1.13684,1.13916,1.0,30,1.1415910164515177,0.0007388148309964663,0.2,0.0019590896991152212,0.002134069735473197,0.002985705589487263
12920,2026-07-29 08:00:00,2026-07-30 08:00:00,1.13916,1.14463,0.9,30,1.141017727057139,0.0010823557709813527,0.03333333333333333,0.0016126387145592785,0.002985705589487263,0.00602084260261994
12944,2026-07-30 08:00:00,2026-07-31 08:00:00,1.14463,1.15165,0.0,30,1.1425917744636536,0.0008835186667502158,0.0,0.0019796206819824393,0.00602084260261994,0.005755954371233989
