scale,arm,horizon,model,seed,profit_accuracy,n_transactions,n_test_rows,transaction_rate,accuracy_3class,threshold_scope,threshold_tau,threshold_upper_bound,iter_selection_block,hybrid_selection_block,iters_self,iters_me,iters_ti,min_conf,tie_break
primary,A0,1,ME_LSTM,42,0.48372093023255813,215,243,0.8847736625514403,0.3333333333333333,train_only,0.0023,0.009539999999999882,val,val,50,,,,
primary,A0,1,TI_LSTM,42,0.4642857142857143,140,243,0.5761316872427984,0.35390946502057613,train_only,0.0023,0.009539999999999882,val,val,50,,,,
primary,A0,1,ME_TI_LSTM,42,0.4933920704845815,227,243,0.934156378600823,0.3292181069958848,train_only,0.0023,0.009539999999999882,val,val,150,,,,
primary,A0,1,HYBRID,42,0.4473684210526316,114,243,0.4691358024691358,0.35802469135802467,train_only,0.0023,0.009539999999999882,val,val,,50,50,0.0,ti
primary,A1,1,ME_LSTM,42,0.5061728395061729,243,243,1.0,0.3374485596707819,full_series,0.00226,0.009539999999999882,val,val,50,,,,
primary,A1,1,TI_LSTM,42,0.4632768361581921,177,243,0.7283950617283951,0.3004115226337449,full_series,0.00226,0.009539999999999882,val,val,50,,,,
primary,A1,1,ME_TI_LSTM,42,0.5048543689320388,206,243,0.8477366255144033,0.37037037037037035,full_series,0.00226,0.009539999999999882,val,val,50,,,,
primary,A1,1,HYBRID,42,0.4858757062146893,177,243,0.7283950617283951,0.31275720164609055,full_series,0.00226,0.009539999999999882,val,val,,50,50,0.0,ti
primary,A2,1,ME_LSTM,42,0.5089285714285714,224,243,0.9218106995884774,0.3497942386831276,train_only,0.0023,0.009539999999999882,test,val,100,,,,
primary,A2,1,TI_LSTM,42,0.5337423312883436,163,243,0.6707818930041153,0.35802469135802467,train_only,0.0023,0.009539999999999882,test,val,200,,,,
primary,A2,1,ME_TI_LSTM,42,0.5,200,243,0.823045267489712,0.3662551440329218,train_only,0.0023,0.009539999999999882,test,val,50,,,,
primary,A2,1,HYBRID,42,0.5100671140939598,149,243,0.6131687242798354,0.37037037037037035,train_only,0.0023,0.009539999999999882,test,val,,100,200,0.0,ti
primary,A3,1,ME_LSTM,42,0.48372093023255813,215,243,0.8847736625514403,0.3333333333333333,train_only,0.0023,0.009539999999999882,val,test,50,,,,
primary,A3,1,TI_LSTM,42,0.4642857142857143,140,243,0.5761316872427984,0.35390946502057613,train_only,0.0023,0.009539999999999882,val,test,50,,,,
primary,A3,1,ME_TI_LSTM,42,0.4933920704845815,227,243,0.934156378600823,0.3292181069958848,train_only,0.0023,0.009539999999999882,val,test,150,,,,
primary,A3,1,HYBRID,42,0.48,50,243,0.205761316872428,0.37037037037037035,train_only,0.0023,0.009539999999999882,val,test,,50,50,0.6,ti
primary,A4,1,ME_LSTM,42,0.5061728395061729,243,243,1.0,0.3374485596707819,full_series,0.00226,0.009539999999999882,test,test,50,,,,
primary,A4,1,TI_LSTM,42,0.4632768361581921,177,243,0.7283950617283951,0.3004115226337449,full_series,0.00226,0.009539999999999882,test,test,50,,,,
primary,A4,1,ME_TI_LSTM,42,0.5116279069767442,172,243,0.7078189300411523,0.37037037037037035,full_series,0.00226,0.009539999999999882,test,test,150,,,,
primary,A4,1,HYBRID,42,0.5535714285714286,56,243,0.23045267489711935,0.2839506172839506,full_series,0.00226,0.009539999999999882,test,test,,50,50,0.5,ti
primary,A0,1,ME_LSTM,43,0.49794238683127573,243,243,1.0,0.3333333333333333,train_only,0.0023,0.009539999999999882,val,val,150,,,,
primary,A0,1,TI_LSTM,43,0.514018691588785,107,243,0.4403292181069959,0.36213991769547327,train_only,0.0023,0.009539999999999882,val,val,50,,,,
primary,A0,1,ME_TI_LSTM,43,0.4773662551440329,243,243,1.0,0.3168724279835391,train_only,0.0023,0.009539999999999882,val,val,200,,,,
primary,A0,1,HYBRID,43,0.44761904761904764,105,243,0.43209876543209874,0.345679012345679,train_only,0.0023,0.009539999999999882,val,val,,150,50,0.55,ti
primary,A1,1,ME_LSTM,43,0.5061728395061729,243,243,1.0,0.3374485596707819,full_series,0.00226,0.009539999999999882,val,val,50,,,,
primary,A1,1,TI_LSTM,43,0.5111111111111111,225,243,0.9259259259259259,0.3333333333333333,full_series,0.00226,0.009539999999999882,val,val,50,,,,
primary,A1,1,ME_TI_LSTM,43,0.49173553719008267,242,243,0.9958847736625515,0.3292181069958848,full_series,0.00226,0.009539999999999882,val,val,200,,,,
primary,A1,1,HYBRID,43,0.5111111111111111,225,243,0.9259259259259259,0.3333333333333333,full_series,0.00226,0.009539999999999882,val,val,,50,50,0.0,ti
primary,A2,1,ME_LSTM,43,0.5267489711934157,243,243,1.0,0.35390946502057613,train_only,0.0023,0.009539999999999882,test,val,100,,,,
primary,A2,1,TI_LSTM,43,0.5409836065573771,122,243,0.5020576131687243,0.345679012345679,train_only,0.0023,0.009539999999999882,test,val,100,,,,
primary,A2,1,ME_TI_LSTM,43,0.51440329218107,243,243,1.0,0.30864197530864196,train_only,0.0023,0.009539999999999882,test,val,100,,,,
primary,A2,1,HYBRID,43,0.5137614678899083,109,243,0.448559670781893,0.3662551440329218,train_only,0.0023,0.009539999999999882,test,val,,100,100,0.65,ti
primary,A3,1,ME_LSTM,43,0.49794238683127573,243,243,1.0,0.3333333333333333,train_only,0.0023,0.009539999999999882,val,test,150,,,,
primary,A3,1,TI_LSTM,43,0.514018691588785,107,243,0.4403292181069959,0.36213991769547327,train_only,0.0023,0.009539999999999882,val,test,50,,,,
primary,A3,1,ME_TI_LSTM,43,0.4773662551440329,243,243,1.0,0.3168724279835391,train_only,0.0023,0.009539999999999882,val,test,200,,,,
primary,A3,1,HYBRID,43,0.46464646464646464,99,243,0.4074074074074074,0.35390946502057613,train_only,0.0023,0.009539999999999882,val,test,,150,50,0.6,ti
primary,A4,1,ME_LSTM,43,0.5061728395061729,243,243,1.0,0.3374485596707819,full_series,0.00226,0.009539999999999882,test,test,50,,,,
primary,A4,1,TI_LSTM,43,0.5111111111111111,225,243,0.9259259259259259,0.3333333333333333,full_series,0.00226,0.009539999999999882,test,test,50,,,,
primary,A4,1,ME_TI_LSTM,43,0.5020576131687243,243,243,1.0,0.31275720164609055,full_series,0.00226,0.009539999999999882,test,test,50,,,,
primary,A4,1,HYBRID,43,0.5488721804511278,133,243,0.5473251028806584,0.3374485596707819,full_series,0.00226,0.009539999999999882,test,test,,50,50,0.5,ti
primary,A0,1,ME_LSTM,44,0.47342995169082125,207,243,0.8518518518518519,0.2962962962962963,train_only,0.0023,0.009539999999999882,val,val,100,,,,
primary,A0,1,TI_LSTM,44,0.4966442953020134,149,243,0.6131687242798354,0.32098765432098764,train_only,0.0023,0.009539999999999882,val,val,100,,,,
primary,A0,1,ME_TI_LSTM,44,0.48255813953488375,172,243,0.7078189300411523,0.2674897119341564,train_only,0.0023,0.009539999999999882,val,val,200,,,,
primary,A0,1,HYBRID,44,0.5208333333333334,96,243,0.3950617283950617,0.3292181069958848,train_only,0.0023,0.009539999999999882,val,val,,100,100,0.7,ti
primary,A1,1,ME_LSTM,44,,0,243,0.0,0.3292181069958848,full_series,0.00226,0.009539999999999882,val,val,50,,,,
primary,A1,1,TI_LSTM,44,0.5166666666666667,180,243,0.7407407407407407,0.3168724279835391,full_series,0.00226,0.009539999999999882,val,val,50,,,,
primary,A1,1,ME_TI_LSTM,44,,0,243,0.0,0.3292181069958848,full_series,0.00226,0.009539999999999882,val,val,50,,,,
primary,A1,1,HYBRID,44,,0,243,0.0,0.3292181069958848,full_series,0.00226,0.009539999999999882,val,val,,50,50,0.0,ti
primary,A2,1,ME_LSTM,44,0.49382716049382713,243,243,1.0,0.3292181069958848,train_only,0.0023,0.009539999999999882,test,val,50,,,,
primary,A2,1,TI_LSTM,44,0.5234899328859061,149,243,0.6131687242798354,0.3045267489711934,train_only,0.0023,0.009539999999999882,test,val,200,,,,
primary,A2,1,ME_TI_LSTM,44,0.49246231155778897,199,243,0.8189300411522634,0.3374485596707819,train_only,0.0023,0.009539999999999882,test,val,100,,,,
primary,A2,1,HYBRID,44,0.5100671140939598,149,243,0.6131687242798354,0.2962962962962963,train_only,0.0023,0.009539999999999882,test,val,,50,200,0.5,ti
primary,A3,1,ME_LSTM,44,0.47342995169082125,207,243,0.8518518518518519,0.2962962962962963,train_only,0.0023,0.009539999999999882,val,test,100,,,,
primary,A3,1,TI_LSTM,44,0.4966442953020134,149,243,0.6131687242798354,0.32098765432098764,train_only,0.0023,0.009539999999999882,val,test,100,,,,
primary,A3,1,ME_TI_LSTM,44,0.48255813953488375,172,243,0.7078189300411523,0.2674897119341564,train_only,0.0023,0.009539999999999882,val,test,200,,,,
primary,A3,1,HYBRID,44,0.5309734513274337,113,243,0.46502057613168724,0.3497942386831276,train_only,0.0023,0.009539999999999882,val,test,,100,100,0.65,ti
primary,A4,1,ME_LSTM,44,,0,243,0.0,0.3292181069958848,full_series,0.00226,0.009539999999999882,test,test,50,,,,
primary,A4,1,TI_LSTM,44,0.5166666666666667,180,243,0.7407407407407407,0.3168724279835391,full_series,0.00226,0.009539999999999882,test,test,50,,,,
primary,A4,1,ME_TI_LSTM,44,,0,243,0.0,0.3292181069958848,full_series,0.00226,0.009539999999999882,test,test,50,,,,
primary,A4,1,HYBRID,44,,0,243,0.0,0.3292181069958848,full_series,0.00226,0.009539999999999882,test,test,,50,50,0.0,ti
primary,A0,1,ME_LSTM,45,0.49382716049382713,243,243,1.0,0.3292181069958848,train_only,0.0023,0.009539999999999882,val,val,150,,,,
primary,A0,1,TI_LSTM,45,0.49557522123893805,226,243,0.9300411522633745,0.3333333333333333,train_only,0.0023,0.009539999999999882,val,val,50,,,,
primary,A0,1,ME_TI_LSTM,45,0.47435897435897434,156,243,0.6419753086419753,0.32098765432098764,train_only,0.0023,0.009539999999999882,val,val,50,,,,
primary,A0,1,HYBRID,45,0.5344827586206896,116,243,0.4773662551440329,0.35390946502057613,train_only,0.0023,0.009539999999999882,val,val,,150,50,0.7,ti
primary,A1,1,ME_LSTM,45,,0,243,0.0,0.3292181069958848,full_series,0.00226,0.009539999999999882,val,val,50,,,,
primary,A1,1,TI_LSTM,45,0.49557522123893805,226,243,0.9300411522633745,0.3374485596707819,full_series,0.00226,0.009539999999999882,val,val,50,,,,
primary,A1,1,ME_TI_LSTM,45,0.3617021276595745,47,243,0.1934156378600823,0.3292181069958848,full_series,0.00226,0.009539999999999882,val,val,50,,,,
primary,A1,1,HYBRID,45,,0,243,0.0,0.3292181069958848,full_series,0.00226,0.009539999999999882,val,val,,50,50,0.0,ti
primary,A2,1,ME_LSTM,45,0.49382716049382713,243,243,1.0,0.3292181069958848,train_only,0.0023,0.009539999999999882,test,val,50,,,,
primary,A2,1,TI_LSTM,45,0.49557522123893805,226,243,0.9300411522633745,0.3333333333333333,train_only,0.0023,0.009539999999999882,test,val,50,,,,
primary,A2,1,ME_TI_LSTM,45,0.5368421052631579,95,243,0.39094650205761317,0.3333333333333333,train_only,0.0023,0.009539999999999882,test,val,200,,,,
primary,A2,1,HYBRID,45,0.504424778761062,226,243,0.9300411522633745,0.345679012345679,train_only,0.0023,0.009539999999999882,test,val,,50,50,0.4,ti
primary,A3,1,ME_LSTM,45,0.49382716049382713,243,243,1.0,0.3292181069958848,train_only,0.0023,0.009539999999999882,val,test,150,,,,
primary,A3,1,TI_LSTM,45,0.49557522123893805,226,243,0.9300411522633745,0.3333333333333333,train_only,0.0023,0.009539999999999882,val,test,50,,,,
primary,A3,1,ME_TI_LSTM,45,0.47435897435897434,156,243,0.6419753086419753,0.32098765432098764,train_only,0.0023,0.009539999999999882,val,test,50,,,,
primary,A3,1,HYBRID,45,0.5344827586206896,116,243,0.4773662551440329,0.35390946502057613,train_only,0.0023,0.009539999999999882,val,test,,150,50,0.7,ti
primary,A4,1,ME_LSTM,45,,0,243,0.0,0.3292181069958848,full_series,0.00226,0.009539999999999882,test,test,50,,,,
primary,A4,1,TI_LSTM,45,0.49557522123893805,226,243,0.9300411522633745,0.3374485596707819,full_series,0.00226,0.009539999999999882,test,test,50,,,,
primary,A4,1,ME_TI_LSTM,45,0.3617021276595745,47,243,0.1934156378600823,0.3292181069958848,full_series,0.00226,0.009539999999999882,test,test,50,,,,
primary,A4,1,HYBRID,45,,0,243,0.0,0.3292181069958848,full_series,0.00226,0.009539999999999882,test,test,,50,50,0.0,ti
primary,A0,1,ME_LSTM,46,0.49382716049382713,243,243,1.0,0.3292181069958848,train_only,0.0023,0.009539999999999882,val,val,50,,,,
primary,A0,1,TI_LSTM,46,0.51,200,243,0.823045267489712,0.37448559670781895,train_only,0.0023,0.009539999999999882,val,val,50,,,,
primary,A0,1,ME_TI_LSTM,46,0.4976303317535545,211,243,0.8683127572016461,0.3333333333333333,train_only,0.0023,0.009539999999999882,val,val,150,,,,
primary,A0,1,HYBRID,46,0.495,200,243,0.823045267489712,0.36213991769547327,train_only,0.0023,0.009539999999999882,val,val,,50,50,0.45,ti
primary,A1,1,ME_LSTM,46,0.5020576131687243,243,243,1.0,0.3333333333333333,full_series,0.00226,0.009539999999999882,val,val,50,,,,
primary,A1,1,TI_LSTM,46,0.51,200,243,0.823045267489712,0.3786008230452675,full_series,0.00226,0.009539999999999882,val,val,50,,,,
primary,A1,1,ME_TI_LSTM,46,0.5104602510460251,239,243,0.9835390946502057,0.3333333333333333,full_series,0.00226,0.009539999999999882,val,val,50,,,,
primary,A1,1,HYBRID,46,0.515625,64,243,0.26337448559670784,0.3786008230452675,full_series,0.00226,0.009539999999999882,val,val,,50,50,0.5,ti
primary,A2,1,ME_LSTM,46,0.49382716049382713,243,243,1.0,0.3292181069958848,train_only,0.0023,0.009539999999999882,test,val,50,,,,
primary,A2,1,TI_LSTM,46,0.51,200,243,0.823045267489712,0.37448559670781895,train_only,0.0023,0.009539999999999882,test,val,50,,,,
primary,A2,1,ME_TI_LSTM,46,0.4976303317535545,211,243,0.8683127572016461,0.3333333333333333,train_only,0.0023,0.009539999999999882,test,val,150,,,,
primary,A2,1,HYBRID,46,0.495,200,243,0.823045267489712,0.36213991769547327,train_only,0.0023,0.009539999999999882,test,val,,50,50,0.45,ti
primary,A3,1,ME_LSTM,46,0.49382716049382713,243,243,1.0,0.3292181069958848,train_only,0.0023,0.009539999999999882,val,test,50,,,,
primary,A3,1,TI_LSTM,46,0.51,200,243,0.823045267489712,0.37448559670781895,train_only,0.0023,0.009539999999999882,val,test,50,,,,
primary,A3,1,ME_TI_LSTM,46,0.4976303317535545,211,243,0.8683127572016461,0.3333333333333333,train_only,0.0023,0.009539999999999882,val,test,150,,,,
primary,A3,1,HYBRID,46,0.49624060150375937,133,243,0.5473251028806584,0.35390946502057613,train_only,0.0023,0.009539999999999882,val,test,,50,50,0.7,ti
primary,A4,1,ME_LSTM,46,0.5020576131687243,243,243,1.0,0.3333333333333333,full_series,0.00226,0.009539999999999882,test,test,50,,,,
primary,A4,1,TI_LSTM,46,0.51,200,243,0.823045267489712,0.3786008230452675,full_series,0.00226,0.009539999999999882,test,test,50,,,,
primary,A4,1,ME_TI_LSTM,46,0.5104602510460251,239,243,0.9835390946502057,0.3333333333333333,full_series,0.00226,0.009539999999999882,test,test,50,,,,
primary,A4,1,HYBRID,46,0.5220125786163522,159,243,0.654320987654321,0.3786008230452675,full_series,0.00226,0.009539999999999882,test,test,,50,50,0.45,ti
primary,A0,3,ME_LSTM,42,0.46502057613168724,243,243,1.0,0.26337448559670784,train_only,0.00421,0.017950000000000133,val,val,50,,,,
primary,A0,3,TI_LSTM,42,0.4742857142857143,175,243,0.720164609053498,0.3333333333333333,train_only,0.00421,0.017950000000000133,val,val,50,,,,
primary,A0,3,ME_TI_LSTM,42,0.5535714285714286,112,243,0.4609053497942387,0.35390946502057613,train_only,0.00421,0.017950000000000133,val,val,100,,,,
primary,A0,3,HYBRID,42,0.4742857142857143,175,243,0.720164609053498,0.34156378600823045,train_only,0.00421,0.017950000000000133,val,val,,50,50,0.0,ti
primary,A1,3,ME_LSTM,42,0.46502057613168724,243,243,1.0,0.2674897119341564,full_series,0.00391,0.018209999999999837,val,val,50,,,,
primary,A1,3,TI_LSTM,42,0.4742857142857143,175,243,0.720164609053498,0.3333333333333333,full_series,0.00391,0.018209999999999837,val,val,50,,,,
primary,A1,3,ME_TI_LSTM,42,0.49382716049382713,243,243,1.0,0.3333333333333333,full_series,0.00391,0.018209999999999837,val,val,50,,,,
primary,A1,3,HYBRID,42,0.4742857142857143,175,243,0.720164609053498,0.34156378600823045,full_series,0.00391,0.018209999999999837,val,val,,50,50,0.0,ti
primary,A2,3,ME_LSTM,42,0.46502057613168724,243,243,1.0,0.26337448559670784,train_only,0.00421,0.017950000000000133,test,val,50,,,,
primary,A2,3,TI_LSTM,42,0.4742857142857143,175,243,0.720164609053498,0.3333333333333333,train_only,0.00421,0.017950000000000133,test,val,50,,,,
primary,A2,3,ME_TI_LSTM,42,0.6153846153846154,91,243,0.37448559670781895,0.3868312757201646,train_only,0.00421,0.017950000000000133,test,val,150,,,,
primary,A2,3,HYBRID,42,0.4742857142857143,175,243,0.720164609053498,0.34156378600823045,train_only,0.00421,0.017950000000000133,test,val,,50,50,0.0,ti
primary,A3,3,ME_LSTM,42,0.46502057613168724,243,243,1.0,0.26337448559670784,train_only,0.00421,0.017950000000000133,val,test,50,,,,
primary,A3,3,TI_LSTM,42,0.4742857142857143,175,243,0.720164609053498,0.3333333333333333,train_only,0.00421,0.017950000000000133,val,test,50,,,,
primary,A3,3,ME_TI_LSTM,42,0.5535714285714286,112,243,0.4609053497942387,0.35390946502057613,train_only,0.00421,0.017950000000000133,val,test,100,,,,
primary,A3,3,HYBRID,42,0.6607142857142857,56,243,0.23045267489711935,0.35802469135802467,train_only,0.00421,0.017950000000000133,val,test,,50,50,0.5,ti
primary,A4,3,ME_LSTM,42,0.46502057613168724,243,243,1.0,0.2674897119341564,full_series,0.00391,0.018209999999999837,test,test,50,,,,
primary,A4,3,TI_LSTM,42,0.4742857142857143,175,243,0.720164609053498,0.3333333333333333,full_series,0.00391,0.018209999999999837,test,test,50,,,,
primary,A4,3,ME_TI_LSTM,42,0.49382716049382713,243,243,1.0,0.3333333333333333,full_series,0.00391,0.018209999999999837,test,test,50,,,,
primary,A4,3,HYBRID,42,0.6607142857142857,56,243,0.23045267489711935,0.34156378600823045,full_series,0.00391,0.018209999999999837,test,test,,50,50,0.5,ti
primary,A0,3,ME_LSTM,43,0.46502057613168724,243,243,1.0,0.26337448559670784,train_only,0.00421,0.017950000000000133,val,val,50,,,,
primary,A0,3,TI_LSTM,43,0.4711111111111111,225,243,0.9259259259259259,0.3004115226337449,train_only,0.00421,0.017950000000000133,val,val,50,,,,
primary,A0,3,ME_TI_LSTM,43,0.46502057613168724,243,243,1.0,0.26337448559670784,train_only,0.00421,0.017950000000000133,val,val,50,,,,
primary,A0,3,HYBRID,43,0.4711111111111111,225,243,0.9259259259259259,0.3004115226337449,train_only,0.00421,0.017950000000000133,val,val,,50,50,0.0,ti
primary,A1,3,ME_LSTM,43,0.46502057613168724,243,243,1.0,0.2674897119341564,full_series,0.00391,0.018209999999999837,val,val,50,,,,
primary,A1,3,TI_LSTM,43,0.4711111111111111,225,243,0.9259259259259259,0.2962962962962963,full_series,0.00391,0.018209999999999837,val,val,50,,,,
primary,A1,3,ME_TI_LSTM,43,0.46502057613168724,243,243,1.0,0.2674897119341564,full_series,0.00391,0.018209999999999837,val,val,50,,,,
primary,A1,3,HYBRID,43,0.4711111111111111,225,243,0.9259259259259259,0.2962962962962963,full_series,0.00391,0.018209999999999837,val,val,,50,50,0.0,ti
primary,A2,3,ME_LSTM,43,0.46502057613168724,243,243,1.0,0.26337448559670784,train_only,0.00421,0.017950000000000133,test,val,50,,,,
primary,A2,3,TI_LSTM,43,0.4711111111111111,225,243,0.9259259259259259,0.3004115226337449,train_only,0.00421,0.017950000000000133,test,val,50,,,,
primary,A2,3,ME_TI_LSTM,43,0.46502057613168724,243,243,1.0,0.26337448559670784,train_only,0.00421,0.017950000000000133,test,val,50,,,,
primary,A2,3,HYBRID,43,0.4711111111111111,225,243,0.9259259259259259,0.3004115226337449,train_only,0.00421,0.017950000000000133,test,val,,50,50,0.0,ti
primary,A3,3,ME_LSTM,43,0.46502057613168724,243,243,1.0,0.26337448559670784,train_only,0.00421,0.017950000000000133,val,test,50,,,,
primary,A3,3,TI_LSTM,43,0.4711111111111111,225,243,0.9259259259259259,0.3004115226337449,train_only,0.00421,0.017950000000000133,val,test,50,,,,
primary,A3,3,ME_TI_LSTM,43,0.46502057613168724,243,243,1.0,0.26337448559670784,train_only,0.00421,0.017950000000000133,val,test,50,,,,
primary,A3,3,HYBRID,43,0.5333333333333333,135,243,0.5555555555555556,0.3497942386831276,train_only,0.00421,0.017950000000000133,val,test,,50,50,0.5,ti
primary,A4,3,ME_LSTM,43,0.46502057613168724,243,243,1.0,0.2674897119341564,full_series,0.00391,0.018209999999999837,test,test,50,,,,
primary,A4,3,TI_LSTM,43,0.4711111111111111,225,243,0.9259259259259259,0.2962962962962963,full_series,0.00391,0.018209999999999837,test,test,50,,,,
primary,A4,3,ME_TI_LSTM,43,0.46502057613168724,243,243,1.0,0.2674897119341564,full_series,0.00391,0.018209999999999837,test,test,50,,,,
primary,A4,3,HYBRID,43,0.5333333333333333,135,243,0.5555555555555556,0.345679012345679,full_series,0.00391,0.018209999999999837,test,test,,50,50,0.5,ti
primary,A0,3,ME_LSTM,44,,0,243,0.0,0.38271604938271603,train_only,0.00421,0.017950000000000133,val,val,50,,,,
primary,A0,3,TI_LSTM,44,0.5388888888888889,180,243,0.7407407407407407,0.3168724279835391,train_only,0.00421,0.017950000000000133,val,val,50,,,,
primary,A0,3,ME_TI_LSTM,44,,0,243,0.0,0.38271604938271603,train_only,0.00421,0.017950000000000133,val,val,50,,,,
primary,A0,3,HYBRID,44,,0,243,0.0,0.38271604938271603,train_only,0.00421,0.017950000000000133,val,val,,50,50,0.0,ti
primary,A1,3,ME_LSTM,44,,0,243,0.0,0.3662551440329218,full_series,0.00391,0.018209999999999837,val,val,50,,,,
primary,A1,3,TI_LSTM,44,0.5388888888888889,180,243,0.7407407407407407,0.3168724279835391,full_series,0.00391,0.018209999999999837,val,val,50,,,,
primary,A1,3,ME_TI_LSTM,44,,0,243,0.0,0.3662551440329218,full_series,0.00391,0.018209999999999837,val,val,50,,,,
primary,A1,3,HYBRID,44,,0,243,0.0,0.3662551440329218,full_series,0.00391,0.018209999999999837,val,val,,50,50,0.0,ti
primary,A2,3,ME_LSTM,44,,0,243,0.0,0.38271604938271603,train_only,0.00421,0.017950000000000133,test,val,50,,,,
primary,A2,3,TI_LSTM,44,0.5388888888888889,180,243,0.7407407407407407,0.3168724279835391,train_only,0.00421,0.017950000000000133,test,val,50,,,,
primary,A2,3,ME_TI_LSTM,44,,0,243,0.0,0.38271604938271603,train_only,0.00421,0.017950000000000133,test,val,50,,,,
primary,A2,3,HYBRID,44,,0,243,0.0,0.38271604938271603,train_only,0.00421,0.017950000000000133,test,val,,50,50,0.0,ti
primary,A3,3,ME_LSTM,44,,0,243,0.0,0.38271604938271603,train_only,0.00421,0.017950000000000133,val,test,50,,,,
primary,A3,3,TI_LSTM,44,0.5388888888888889,180,243,0.7407407407407407,0.3168724279835391,train_only,0.00421,0.017950000000000133,val,test,50,,,,
primary,A3,3,ME_TI_LSTM,44,,0,243,0.0,0.38271604938271603,train_only,0.00421,0.017950000000000133,val,test,50,,,,
primary,A3,3,HYBRID,44,,0,243,0.0,0.38271604938271603,train_only,0.00421,0.017950000000000133,val,test,,50,50,0.0,ti
primary,A4,3,ME_LSTM,44,,0,243,0.0,0.3662551440329218,full_series,0.00391,0.018209999999999837,test,test,50,,,,
primary,A4,3,TI_LSTM,44,0.5388888888888889,180,243,0.7407407407407407,0.3168724279835391,full_series,0.00391,0.018209999999999837,test,test,50,,,,
primary,A4,3,ME_TI_LSTM,44,,0,243,0.0,0.3662551440329218,full_series,0.00391,0.018209999999999837,test,test,50,,,,
primary,A4,3,HYBRID,44,,0,243,0.0,0.3662551440329218,full_series,0.00391,0.018209999999999837,test,test,,50,50,0.0,ti
primary,A0,3,ME_LSTM,45,,0,243,0.0,0.38271604938271603,train_only,0.00421,0.017950000000000133,val,val,50,,,,
primary,A0,3,TI_LSTM,45,0.4469026548672566,226,243,0.9300411522633745,0.25102880658436216,train_only,0.00421,0.017950000000000133,val,val,50,,,,
primary,A0,3,ME_TI_LSTM,45,0.41304347826086957,46,243,0.18930041152263374,0.35802469135802467,train_only,0.00421,0.017950000000000133,val,val,50,,,,
primary,A0,3,HYBRID,45,,0,243,0.0,0.38271604938271603,train_only,0.00421,0.017950000000000133,val,val,,50,50,0.0,ti
primary,A1,3,ME_LSTM,45,,0,243,0.0,0.3662551440329218,full_series,0.00391,0.018209999999999837,val,val,50,,,,
primary,A1,3,TI_LSTM,45,0.4469026548672566,226,243,0.9300411522633745,0.2551440329218107,full_series,0.00391,0.018209999999999837,val,val,50,,,,
primary,A1,3,ME_TI_LSTM,45,0.41304347826086957,46,243,0.18930041152263374,0.3497942386831276,full_series,0.00391,0.018209999999999837,val,val,50,,,,
primary,A1,3,HYBRID,45,,0,243,0.0,0.3662551440329218,full_series,0.00391,0.018209999999999837,val,val,,50,50,0.0,ti
primary,A2,3,ME_LSTM,45,,0,243,0.0,0.38271604938271603,train_only,0.00421,0.017950000000000133,test,val,50,,,,
primary,A2,3,TI_LSTM,45,0.4469026548672566,226,243,0.9300411522633745,0.25102880658436216,train_only,0.00421,0.017950000000000133,test,val,50,,,,
primary,A2,3,ME_TI_LSTM,45,0.41304347826086957,46,243,0.18930041152263374,0.35802469135802467,train_only,0.00421,0.017950000000000133,test,val,50,,,,
primary,A2,3,HYBRID,45,,0,243,0.0,0.38271604938271603,train_only,0.00421,0.017950000000000133,test,val,,50,50,0.0,ti
primary,A3,3,ME_LSTM,45,,0,243,0.0,0.38271604938271603,train_only,0.00421,0.017950000000000133,val,test,50,,,,
primary,A3,3,TI_LSTM,45,0.4469026548672566,226,243,0.9300411522633745,0.25102880658436216,train_only,0.00421,0.017950000000000133,val,test,50,,,,
primary,A3,3,ME_TI_LSTM,45,0.41304347826086957,46,243,0.18930041152263374,0.35802469135802467,train_only,0.00421,0.017950000000000133,val,test,50,,,,
primary,A3,3,HYBRID,45,,0,243,0.0,0.38271604938271603,train_only,0.00421,0.017950000000000133,val,test,,50,50,0.0,ti
primary,A4,3,ME_LSTM,45,,0,243,0.0,0.3662551440329218,full_series,0.00391,0.018209999999999837,test,test,50,,,,
primary,A4,3,TI_LSTM,45,0.4469026548672566,226,243,0.9300411522633745,0.2551440329218107,full_series,0.00391,0.018209999999999837,test,test,50,,,,
primary,A4,3,ME_TI_LSTM,45,0.41304347826086957,46,243,0.18930041152263374,0.3497942386831276,full_series,0.00391,0.018209999999999837,test,test,50,,,,
primary,A4,3,HYBRID,45,,0,243,0.0,0.3662551440329218,full_series,0.00391,0.018209999999999837,test,test,,50,50,0.0,ti
primary,A0,3,ME_LSTM,46,0.4732510288065844,243,243,1.0,0.2674897119341564,train_only,0.00421,0.017950000000000133,val,val,50,,,,
primary,A0,3,TI_LSTM,46,0.51,200,243,0.823045267489712,0.32098765432098764,train_only,0.00421,0.017950000000000133,val,val,50,,,,
primary,A0,3,ME_TI_LSTM,46,0.46443514644351463,239,243,0.9835390946502057,0.26337448559670784,train_only,0.00421,0.017950000000000133,val,val,50,,,,
primary,A0,3,HYBRID,46,0.453125,64,243,0.26337448559670784,0.3497942386831276,train_only,0.00421,0.017950000000000133,val,val,,50,50,0.5,ti
primary,A1,3,ME_LSTM,46,0.4732510288065844,243,243,1.0,0.2716049382716049,full_series,0.00391,0.018209999999999837,val,val,50,,,,
primary,A1,3,TI_LSTM,46,0.51,200,243,0.823045267489712,0.3292181069958848,full_series,0.00391,0.018209999999999837,val,val,50,,,,
primary,A1,3,ME_TI_LSTM,46,0.46443514644351463,239,243,0.9835390946502057,0.2716049382716049,full_series,0.00391,0.018209999999999837,val,val,50,,,,
primary,A1,3,HYBRID,46,0.453125,64,243,0.26337448559670784,0.3374485596707819,full_series,0.00391,0.018209999999999837,val,val,,50,50,0.5,ti
primary,A2,3,ME_LSTM,46,0.4732510288065844,243,243,1.0,0.2674897119341564,train_only,0.00421,0.017950000000000133,test,val,50,,,,
primary,A2,3,TI_LSTM,46,0.51,200,243,0.823045267489712,0.32098765432098764,train_only,0.00421,0.017950000000000133,test,val,50,,,,
primary,A2,3,ME_TI_LSTM,46,0.46443514644351463,239,243,0.9835390946502057,0.26337448559670784,train_only,0.00421,0.017950000000000133,test,val,50,,,,
primary,A2,3,HYBRID,46,0.453125,64,243,0.26337448559670784,0.3497942386831276,train_only,0.00421,0.017950000000000133,test,val,,50,50,0.5,ti
primary,A3,3,ME_LSTM,46,0.4732510288065844,243,243,1.0,0.2674897119341564,train_only,0.00421,0.017950000000000133,val,test,50,,,,
primary,A3,3,TI_LSTM,46,0.51,200,243,0.823045267489712,0.32098765432098764,train_only,0.00421,0.017950000000000133,val,test,50,,,,
primary,A3,3,ME_TI_LSTM,46,0.46443514644351463,239,243,0.9835390946502057,0.26337448559670784,train_only,0.00421,0.017950000000000133,val,test,50,,,,
primary,A3,3,HYBRID,46,0.49238578680203043,197,243,0.8106995884773662,0.30864197530864196,train_only,0.00421,0.017950000000000133,val,test,,50,50,0.4,ti
primary,A4,3,ME_LSTM,46,0.4732510288065844,243,243,1.0,0.2716049382716049,full_series,0.00391,0.018209999999999837,test,test,50,,,,
primary,A4,3,TI_LSTM,46,0.51,200,243,0.823045267489712,0.3292181069958848,full_series,0.00391,0.018209999999999837,test,test,50,,,,
primary,A4,3,ME_TI_LSTM,46,0.46443514644351463,239,243,0.9835390946502057,0.2716049382716049,full_series,0.00391,0.018209999999999837,test,test,50,,,,
primary,A4,3,HYBRID,46,0.49238578680203043,197,243,0.8106995884773662,0.3168724279835391,full_series,0.00391,0.018209999999999837,test,test,,50,50,0.4,ti
primary,A0,5,ME_LSTM,42,0.44214876033057854,242,242,1.0,0.2603305785123967,train_only,0.00571,0.021170000000000133,val,val,50,,,,
primary,A0,5,TI_LSTM,42,0.4682080924855491,173,242,0.7148760330578512,0.34710743801652894,train_only,0.00571,0.021170000000000133,val,val,50,,,,
primary,A0,5,ME_TI_LSTM,42,0.4793388429752066,242,242,1.0,0.2975206611570248,train_only,0.00571,0.021170000000000133,val,val,50,,,,
primary,A0,5,HYBRID,42,0.4682080924855491,173,242,0.7148760330578512,0.34710743801652894,train_only,0.00571,0.021170000000000133,val,val,,50,50,0.0,ti
primary,A1,5,ME_LSTM,42,0.44214876033057854,242,242,1.0,0.26859504132231404,full_series,0.00542,0.021170000000000133,val,val,50,,,,
primary,A1,5,TI_LSTM,42,0.4682080924855491,173,242,0.7148760330578512,0.34710743801652894,full_series,0.00542,0.021170000000000133,val,val,50,,,,
primary,A1,5,ME_TI_LSTM,42,0.4793388429752066,242,242,1.0,0.30578512396694213,full_series,0.00542,0.021170000000000133,val,val,50,,,,
primary,A1,5,HYBRID,42,0.4682080924855491,173,242,0.7148760330578512,0.34710743801652894,full_series,0.00542,0.021170000000000133,val,val,,50,50,0.0,ti
primary,A2,5,ME_LSTM,42,0.44214876033057854,242,242,1.0,0.2603305785123967,train_only,0.00571,0.021170000000000133,test,val,50,,,,
primary,A2,5,TI_LSTM,42,0.4682080924855491,173,242,0.7148760330578512,0.34710743801652894,train_only,0.00571,0.021170000000000133,test,val,50,,,,
primary,A2,5,ME_TI_LSTM,42,0.4793388429752066,242,242,1.0,0.2975206611570248,train_only,0.00571,0.021170000000000133,test,val,50,,,,
primary,A2,5,HYBRID,42,0.4682080924855491,173,242,0.7148760330578512,0.34710743801652894,train_only,0.00571,0.021170000000000133,test,val,,50,50,0.0,ti
primary,A3,5,ME_LSTM,42,0.44214876033057854,242,242,1.0,0.2603305785123967,train_only,0.00571,0.021170000000000133,val,test,50,,,,
primary,A3,5,TI_LSTM,42,0.4682080924855491,173,242,0.7148760330578512,0.34710743801652894,train_only,0.00571,0.021170000000000133,val,test,50,,,,
primary,A3,5,ME_TI_LSTM,42,0.4793388429752066,242,242,1.0,0.2975206611570248,train_only,0.00571,0.021170000000000133,val,test,50,,,,
primary,A3,5,HYBRID,42,0.7142857142857143,56,242,0.23140495867768596,0.36363636363636365,train_only,0.00571,0.021170000000000133,val,test,,50,50,0.5,ti
primary,A4,5,ME_LSTM,42,0.44214876033057854,242,242,1.0,0.26859504132231404,full_series,0.00542,0.021170000000000133,test,test,50,,,,
primary,A4,5,TI_LSTM,42,0.4682080924855491,173,242,0.7148760330578512,0.34710743801652894,full_series,0.00542,0.021170000000000133,test,test,50,,,,
primary,A4,5,ME_TI_LSTM,42,0.4793388429752066,242,242,1.0,0.30578512396694213,full_series,0.00542,0.021170000000000133,test,test,50,,,,
primary,A4,5,HYBRID,42,0.7142857142857143,56,242,0.23140495867768596,0.3512396694214876,full_series,0.00542,0.021170000000000133,test,test,,50,50,0.5,ti
primary,A0,5,ME_LSTM,43,0.44214876033057854,242,242,1.0,0.2603305785123967,train_only,0.00571,0.021170000000000133,val,val,50,,,,
primary,A0,5,TI_LSTM,43,0.45982142857142855,224,242,0.9256198347107438,0.29338842975206614,train_only,0.00571,0.021170000000000133,val,val,50,,,,
primary,A0,5,ME_TI_LSTM,43,0.44214876033057854,242,242,1.0,0.2603305785123967,train_only,0.00571,0.021170000000000133,val,val,50,,,,
primary,A0,5,HYBRID,43,0.45982142857142855,224,242,0.9256198347107438,0.29338842975206614,train_only,0.00571,0.021170000000000133,val,val,,50,50,0.0,ti
primary,A1,5,ME_LSTM,43,0.44214876033057854,242,242,1.0,0.26859504132231404,full_series,0.00542,0.021170000000000133,val,val,50,,,,
primary,A1,5,TI_LSTM,43,0.45982142857142855,224,242,0.9256198347107438,0.30165289256198347,full_series,0.00542,0.021170000000000133,val,val,50,,,,
primary,A1,5,ME_TI_LSTM,43,0.44214876033057854,242,242,1.0,0.26859504132231404,full_series,0.00542,0.021170000000000133,val,val,50,,,,
primary,A1,5,HYBRID,43,0.45982142857142855,224,242,0.9256198347107438,0.30165289256198347,full_series,0.00542,0.021170000000000133,val,val,,50,50,0.0,ti
primary,A2,5,ME_LSTM,43,0.44214876033057854,242,242,1.0,0.2603305785123967,train_only,0.00571,0.021170000000000133,test,val,50,,,,
primary,A2,5,TI_LSTM,43,0.45982142857142855,224,242,0.9256198347107438,0.29338842975206614,train_only,0.00571,0.021170000000000133,test,val,50,,,,
primary,A2,5,ME_TI_LSTM,43,0.44214876033057854,242,242,1.0,0.2603305785123967,train_only,0.00571,0.021170000000000133,test,val,50,,,,
primary,A2,5,HYBRID,43,0.45982142857142855,224,242,0.9256198347107438,0.29338842975206614,train_only,0.00571,0.021170000000000133,test,val,,50,50,0.0,ti
primary,A3,5,ME_LSTM,43,0.44214876033057854,242,242,1.0,0.2603305785123967,train_only,0.00571,0.021170000000000133,val,test,50,,,,
primary,A3,5,TI_LSTM,43,0.45982142857142855,224,242,0.9256198347107438,0.29338842975206614,train_only,0.00571,0.021170000000000133,val,test,50,,,,
primary,A3,5,ME_TI_LSTM,43,0.44214876033057854,242,242,1.0,0.2603305785123967,train_only,0.00571,0.021170000000000133,val,test,50,,,,
primary,A3,5,HYBRID,43,0.5294117647058824,136,242,0.5619834710743802,0.39669421487603307,train_only,0.00571,0.021170000000000133,val,test,,50,50,0.5,ti
primary,A4,5,ME_LSTM,43,0.44214876033057854,242,242,1.0,0.26859504132231404,full_series,0.00542,0.021170000000000133,test,test,50,,,,
primary,A4,5,TI_LSTM,43,0.45982142857142855,224,242,0.9256198347107438,0.30165289256198347,full_series,0.00542,0.021170000000000133,test,test,50,,,,
primary,A4,5,ME_TI_LSTM,43,0.44214876033057854,242,242,1.0,0.26859504132231404,full_series,0.00542,0.021170000000000133,test,test,50,,,,
primary,A4,5,HYBRID,43,0.5294117647058824,136,242,0.5619834710743802,0.384297520661157,full_series,0.00542,0.021170000000000133,test,test,,50,50,0.5,ti
primary,A0,5,ME_LSTM,44,,0,242,0.0,0.384297520661157,train_only,0.00571,0.021170000000000133,val,val,50,,,,
primary,A0,5,TI_LSTM,44,0.5251396648044693,179,242,0.7396694214876033,0.3347107438016529,train_only,0.00571,0.021170000000000133,val,val,50,,,,
primary,A0,5,ME_TI_LSTM,44,,0,242,0.0,0.384297520661157,train_only,0.00571,0.021170000000000133,val,val,50,,,,
primary,A0,5,HYBRID,44,,0,242,0.0,0.384297520661157,train_only,0.00571,0.021170000000000133,val,val,,50,50,0.0,ti
primary,A1,5,ME_LSTM,44,,0,242,0.0,0.371900826446281,full_series,0.00542,0.021170000000000133,val,val,50,,,,
primary,A1,5,TI_LSTM,44,0.5251396648044693,179,242,0.7396694214876033,0.34297520661157027,full_series,0.00542,0.021170000000000133,val,val,50,,,,
primary,A1,5,ME_TI_LSTM,44,,0,242,0.0,0.371900826446281,full_series,0.00542,0.021170000000000133,val,val,50,,,,
primary,A1,5,HYBRID,44,,0,242,0.0,0.371900826446281,full_series,0.00542,0.021170000000000133,val,val,,50,50,0.0,ti
primary,A2,5,ME_LSTM,44,,0,242,0.0,0.384297520661157,train_only,0.00571,0.021170000000000133,test,val,50,,,,
primary,A2,5,TI_LSTM,44,0.5251396648044693,179,242,0.7396694214876033,0.3347107438016529,train_only,0.00571,0.021170000000000133,test,val,50,,,,
primary,A2,5,ME_TI_LSTM,44,,0,242,0.0,0.384297520661157,train_only,0.00571,0.021170000000000133,test,val,50,,,,
primary,A2,5,HYBRID,44,,0,242,0.0,0.384297520661157,train_only,0.00571,0.021170000000000133,test,val,,50,50,0.0,ti
primary,A3,5,ME_LSTM,44,,0,242,0.0,0.384297520661157,train_only,0.00571,0.021170000000000133,val,test,50,,,,
primary,A3,5,TI_LSTM,44,0.5251396648044693,179,242,0.7396694214876033,0.3347107438016529,train_only,0.00571,0.021170000000000133,val,test,50,,,,
primary,A3,5,ME_TI_LSTM,44,,0,242,0.0,0.384297520661157,train_only,0.00571,0.021170000000000133,val,test,50,,,,
primary,A3,5,HYBRID,44,,0,242,0.0,0.384297520661157,train_only,0.00571,0.021170000000000133,val,test,,50,50,0.0,ti
primary,A4,5,ME_LSTM,44,,0,242,0.0,0.371900826446281,full_series,0.00542,0.021170000000000133,test,test,50,,,,
primary,A4,5,TI_LSTM,44,0.5251396648044693,179,242,0.7396694214876033,0.34297520661157027,full_series,0.00542,0.021170000000000133,test,test,50,,,,
primary,A4,5,ME_TI_LSTM,44,,0,242,0.0,0.371900826446281,full_series,0.00542,0.021170000000000133,test,test,50,,,,
primary,A4,5,HYBRID,44,,0,242,0.0,0.371900826446281,full_series,0.00542,0.021170000000000133,test,test,,50,50,0.0,ti
primary,A0,5,ME_LSTM,45,,0,242,0.0,0.384297520661157,train_only,0.00571,0.021170000000000133,val,val,50,,,,
primary,A0,5,TI_LSTM,45,0.4177777777777778,225,242,0.9297520661157025,0.22727272727272727,train_only,0.00571,0.021170000000000133,val,val,50,,,,
primary,A0,5,ME_TI_LSTM,45,0.43478260869565216,46,242,0.19008264462809918,0.3760330578512397,train_only,0.00571,0.021170000000000133,val,val,50,,,,
primary,A0,5,HYBRID,45,,0,242,0.0,0.384297520661157,train_only,0.00571,0.021170000000000133,val,val,,50,50,0.0,ti
primary,A1,5,ME_LSTM,45,,0,242,0.0,0.371900826446281,full_series,0.00542,0.021170000000000133,val,val,50,,,,
primary,A1,5,TI_LSTM,45,0.4177777777777778,225,242,0.9297520661157025,0.23553719008264462,full_series,0.00542,0.021170000000000133,val,val,50,,,,
primary,A1,5,ME_TI_LSTM,45,0.43478260869565216,46,242,0.19008264462809918,0.3760330578512397,full_series,0.00542,0.021170000000000133,val,val,50,,,,
primary,A1,5,HYBRID,45,,0,242,0.0,0.371900826446281,full_series,0.00542,0.021170000000000133,val,val,,50,50,0.0,ti
primary,A2,5,ME_LSTM,45,,0,242,0.0,0.384297520661157,train_only,0.00571,0.021170000000000133,test,val,50,,,,
primary,A2,5,TI_LSTM,45,0.4177777777777778,225,242,0.9297520661157025,0.22727272727272727,train_only,0.00571,0.021170000000000133,test,val,50,,,,
primary,A2,5,ME_TI_LSTM,45,0.43478260869565216,46,242,0.19008264462809918,0.3760330578512397,train_only,0.00571,0.021170000000000133,test,val,50,,,,
primary,A2,5,HYBRID,45,,0,242,0.0,0.384297520661157,train_only,0.00571,0.021170000000000133,test,val,,50,50,0.0,ti
primary,A3,5,ME_LSTM,45,,0,242,0.0,0.384297520661157,train_only,0.00571,0.021170000000000133,val,test,50,,,,
primary,A3,5,TI_LSTM,45,0.4177777777777778,225,242,0.9297520661157025,0.22727272727272727,train_only,0.00571,0.021170000000000133,val,test,50,,,,
primary,A3,5,ME_TI_LSTM,45,0.43478260869565216,46,242,0.19008264462809918,0.3760330578512397,train_only,0.00571,0.021170000000000133,val,test,50,,,,
primary,A3,5,HYBRID,45,,0,242,0.0,0.384297520661157,train_only,0.00571,0.021170000000000133,val,test,,50,50,0.0,ti
primary,A4,5,ME_LSTM,45,,0,242,0.0,0.371900826446281,full_series,0.00542,0.021170000000000133,test,test,50,,,,
primary,A4,5,TI_LSTM,45,0.4177777777777778,225,242,0.9297520661157025,0.23553719008264462,full_series,0.00542,0.021170000000000133,test,test,50,,,,
primary,A4,5,ME_TI_LSTM,45,0.43478260869565216,46,242,0.19008264462809918,0.3760330578512397,full_series,0.00542,0.021170000000000133,test,test,50,,,,
primary,A4,5,HYBRID,45,,0,242,0.0,0.371900826446281,full_series,0.00542,0.021170000000000133,test,test,,50,50,0.0,ti
primary,A0,5,ME_LSTM,46,0.44214876033057854,242,242,1.0,0.2603305785123967,train_only,0.00571,0.021170000000000133,val,val,50,,,,
primary,A0,5,TI_LSTM,46,0.4824120603015075,199,242,0.8223140495867769,0.30578512396694213,train_only,0.00571,0.021170000000000133,val,val,50,,,,
primary,A0,5,ME_TI_LSTM,46,0.4369747899159664,238,242,0.9834710743801653,0.256198347107438,train_only,0.00571,0.021170000000000133,val,val,50,,,,
primary,A0,5,HYBRID,46,0.421875,64,242,0.2644628099173554,0.33884297520661155,train_only,0.00571,0.021170000000000133,val,val,,50,50,0.5,ti
primary,A1,5,ME_LSTM,46,0.44214876033057854,242,242,1.0,0.26859504132231404,full_series,0.00542,0.021170000000000133,val,val,50,,,,
primary,A1,5,TI_LSTM,46,0.4824120603015075,199,242,0.8223140495867769,0.3140495867768595,full_series,0.00542,0.021170000000000133,val,val,50,,,,
primary,A1,5,ME_TI_LSTM,46,0.4369747899159664,238,242,0.9834710743801653,0.2644628099173554,full_series,0.00542,0.021170000000000133,val,val,50,,,,
primary,A1,5,HYBRID,46,0.421875,64,242,0.2644628099173554,0.32644628099173556,full_series,0.00542,0.021170000000000133,val,val,,50,50,0.5,ti
primary,A2,5,ME_LSTM,46,0.44214876033057854,242,242,1.0,0.2603305785123967,train_only,0.00571,0.021170000000000133,test,val,50,,,,
primary,A2,5,TI_LSTM,46,0.4824120603015075,199,242,0.8223140495867769,0.30578512396694213,train_only,0.00571,0.021170000000000133,test,val,50,,,,
primary,A2,5,ME_TI_LSTM,46,0.4369747899159664,238,242,0.9834710743801653,0.256198347107438,train_only,0.00571,0.021170000000000133,test,val,50,,,,
primary,A2,5,HYBRID,46,0.421875,64,242,0.2644628099173554,0.33884297520661155,train_only,0.00571,0.021170000000000133,test,val,,50,50,0.5,ti
primary,A3,5,ME_LSTM,46,0.44214876033057854,242,242,1.0,0.2603305785123967,train_only,0.00571,0.021170000000000133,val,test,50,,,,
primary,A3,5,TI_LSTM,46,0.4824120603015075,199,242,0.8223140495867769,0.30578512396694213,train_only,0.00571,0.021170000000000133,val,test,50,,,,
primary,A3,5,ME_TI_LSTM,46,0.4369747899159664,238,242,0.9834710743801653,0.256198347107438,train_only,0.00571,0.021170000000000133,val,test,50,,,,
primary,A3,5,HYBRID,46,0.4642857142857143,196,242,0.8099173553719008,0.28512396694214875,train_only,0.00571,0.021170000000000133,val,test,,50,50,0.4,ti
primary,A4,5,ME_LSTM,46,0.44214876033057854,242,242,1.0,0.26859504132231404,full_series,0.00542,0.021170000000000133,test,test,50,,,,
primary,A4,5,TI_LSTM,46,0.4824120603015075,199,242,0.8223140495867769,0.3140495867768595,full_series,0.00542,0.021170000000000133,test,test,50,,,,
primary,A4,5,ME_TI_LSTM,46,0.4369747899159664,238,242,0.9834710743801653,0.2644628099173554,full_series,0.00542,0.021170000000000133,test,test,50,,,,
primary,A4,5,HYBRID,46,0.4642857142857143,196,242,0.8099173553719008,0.29338842975206614,full_series,0.00542,0.021170000000000133,test,test,,50,50,0.4,ti
secondary,A0,1,ME_LSTM,42,0.4746376811594203,276,1437,0.19206680584551147,0.43771746694502434,train_only,0.00272,0.013660000000000005,val,val,150,,,,
secondary,A0,1,TI_LSTM,42,0.480865224625624,601,1437,0.41823242867084204,0.4057063326374391,train_only,0.00272,0.013660000000000005,val,val,50,,,,
secondary,A0,1,ME_TI_LSTM,42,0.3902439024390244,41,1437,0.028531663187195546,0.4732080723729993,train_only,0.00272,0.013660000000000005,val,val,50,,,,
secondary,A0,1,HYBRID,42,0.4852941176470588,68,1437,0.04732080723729993,0.47390396659707723,train_only,0.00272,0.013660000000000005,val,val,,150,50,0.45,ti
secondary,A1,1,ME_LSTM,42,0.5122591943957968,1142,1437,0.7947112038970077,0.33402922755741127,full_series,0.00236,0.013669999999999849,val,val,50,,,,
secondary,A1,1,TI_LSTM,42,0.5127830533235939,1369,1437,0.9526791927627001,0.29436325678496866,full_series,0.00236,0.013669999999999849,val,val,50,,,,
secondary,A1,1,ME_TI_LSTM,42,0.4947209653092006,663,1437,0.4613778705636743,0.36882393876130826,full_series,0.00236,0.013669999999999849,val,val,200,,,,
secondary,A1,1,HYBRID,42,0.5107212475633528,513,1437,0.3569937369519833,0.3792623521224774,full_series,0.00236,0.013669999999999849,val,val,,50,50,0.5,ti
secondary,A2,1,ME_LSTM,42,0.5,186,1437,0.12943632567849686,0.4474599860821155,train_only,0.00272,0.013660000000000005,test,val,200,,,,
secondary,A2,1,TI_LSTM,42,0.48089171974522293,628,1437,0.43702157272094644,0.40153096729297144,train_only,0.00272,0.013660000000000005,test,val,150,,,,
secondary,A2,1,ME_TI_LSTM,42,0.49710982658959535,173,1437,0.12038970076548365,0.4613778705636743,train_only,0.00272,0.013660000000000005,test,val,150,,,,
secondary,A2,1,HYBRID,42,0.3953488372093023,86,1437,0.059846903270702856,0.46207376478775225,train_only,0.00272,0.013660000000000005,test,val,,200,150,0.0,ti
secondary,A3,1,ME_LSTM,42,0.4746376811594203,276,1437,0.19206680584551147,0.43771746694502434,train_only,0.00272,0.013660000000000005,val,test,150,,,,
secondary,A3,1,TI_LSTM,42,0.480865224625624,601,1437,0.41823242867084204,0.4057063326374391,train_only,0.00272,0.013660000000000005,val,test,50,,,,
secondary,A3,1,ME_TI_LSTM,42,0.3902439024390244,41,1437,0.028531663187195546,0.4732080723729993,train_only,0.00272,0.013660000000000005,val,test,50,,,,
secondary,A3,1,HYBRID,42,0.5132743362831859,113,1437,0.07863604732080724,0.47529575504523314,train_only,0.00272,0.013660000000000005,val,test,,150,50,0.0,ti
secondary,A4,1,ME_LSTM,42,0.5122591943957968,1142,1437,0.7947112038970077,0.33402922755741127,full_series,0.00236,0.013669999999999849,test,test,50,,,,
secondary,A4,1,TI_LSTM,42,0.5127830533235939,1369,1437,0.9526791927627001,0.29436325678496866,full_series,0.00236,0.013669999999999849,test,test,50,,,,
secondary,A4,1,ME_TI_LSTM,42,0.500996015936255,1004,1437,0.6986778009742519,0.3298538622129436,full_series,0.00236,0.013669999999999849,test,test,150,,,,
secondary,A4,1,HYBRID,42,0.528169014084507,284,1437,0.19763395963813501,0.4140570633263744,full_series,0.00236,0.013669999999999849,test,test,,50,50,0.55,ti
secondary,A0,1,ME_LSTM,43,0.5,1088,1437,0.7571329157967989,0.32846207376478775,train_only,0.00272,0.013660000000000005,val,val,200,,,,
secondary,A0,1,TI_LSTM,43,0.4623115577889447,398,1437,0.27696590118302017,0.43771746694502434,train_only,0.00272,0.013660000000000005,val,val,50,,,,
secondary,A0,1,ME_TI_LSTM,43,0.5008250825082509,1212,1437,0.8434237995824635,0.3117606123869172,train_only,0.00272,0.013660000000000005,val,val,150,,,,
secondary,A0,1,HYBRID,43,0.5109717868338558,319,1437,0.2219902574808629,0.45024356297842727,train_only,0.00272,0.013660000000000005,val,val,,200,50,0.0,ti
secondary,A1,1,ME_LSTM,43,0.495906432748538,855,1437,0.5949895615866388,0.34237995824634654,full_series,0.00236,0.013669999999999849,val,val,50,,,,
secondary,A1,1,TI_LSTM,43,0.5027075812274369,1108,1437,0.7710508002783577,0.325678496868476,full_series,0.00236,0.013669999999999849,val,val,50,,,,
secondary,A1,1,ME_TI_LSTM,43,0.4726890756302521,952,1437,0.662491301322199,0.3298538622129436,full_series,0.00236,0.013669999999999849,val,val,50,,,,
secondary,A1,1,HYBRID,43,0.48118811881188117,505,1437,0.35142658315935976,0.38343771746694505,full_series,0.00236,0.013669999999999849,val,val,,50,50,0.4,ti
secondary,A2,1,ME_LSTM,43,0.5077239958805355,971,1437,0.6757132915796799,0.3409881697981907,train_only,0.00272,0.013660000000000005,test,val,150,,,,
secondary,A2,1,TI_LSTM,43,0.507183908045977,696,1437,0.48434237995824636,0.3924843423799583,train_only,0.00272,0.013660000000000005,test,val,100,,,,
secondary,A2,1,ME_TI_LSTM,43,0.5031605562579013,791,1437,0.5504523312456506,0.36812804453723036,train_only,0.00272,0.013660000000000005,test,val,50,,,,
secondary,A2,1,HYBRID,43,0.5237020316027088,443,1437,0.3082811412665275,0.43075852470424497,train_only,0.00272,0.013660000000000005,test,val,,150,100,0.4,ti
secondary,A3,1,ME_LSTM,43,0.5,1088,1437,0.7571329157967989,0.32846207376478775,train_only,0.00272,0.013660000000000005,val,test,200,,,,
secondary,A3,1,TI_LSTM,43,0.4623115577889447,398,1437,0.27696590118302017,0.43771746694502434,train_only,0.00272,0.013660000000000005,val,test,50,,,,
secondary,A3,1,ME_TI_LSTM,43,0.5008250825082509,1212,1437,0.8434237995824635,0.3117606123869172,train_only,0.00272,0.013660000000000005,val,test,150,,,,
secondary,A3,1,HYBRID,43,0.5539906103286385,213,1437,0.14822546972860126,0.4697286012526096,train_only,0.00272,0.013660000000000005,val,test,,200,50,0.4,ti
secondary,A4,1,ME_LSTM,43,0.495906432748538,855,1437,0.5949895615866388,0.34237995824634654,full_series,0.00236,0.013669999999999849,test,test,50,,,,
secondary,A4,1,TI_LSTM,43,0.5027075812274369,1108,1437,0.7710508002783577,0.325678496868476,full_series,0.00236,0.013669999999999849,test,test,50,,,,
secondary,A4,1,ME_TI_LSTM,43,0.4726890756302521,952,1437,0.662491301322199,0.3298538622129436,full_series,0.00236,0.013669999999999849,test,test,50,,,,
secondary,A4,1,HYBRID,43,0.48118811881188117,505,1437,0.35142658315935976,0.38343771746694505,full_series,0.00236,0.013669999999999849,test,test,,50,50,0.4,ti
secondary,A0,1,ME_LSTM,44,0.5384615384615384,26,1437,0.018093249826026444,0.4683368128044537,train_only,0.00272,0.013660000000000005,val,val,150,,,,
secondary,A0,1,TI_LSTM,44,0.5021645021645021,462,1437,0.32150313152400833,0.42936673625608907,train_only,0.00272,0.013660000000000005,val,val,50,,,,
secondary,A0,1,ME_TI_LSTM,44,0.4925028835063437,867,1437,0.6033402922755741,0.3465553235908142,train_only,0.00272,0.013660000000000005,val,val,200,,,,
secondary,A0,1,HYBRID,44,,0,1437,0.0,0.4745998608211552,train_only,0.00272,0.013660000000000005,val,val,,150,50,0.45,ti
secondary,A1,1,ME_LSTM,44,0.4905008635578584,579,1437,0.40292275574112735,0.37160751565762007,full_series,0.00236,0.013669999999999849,val,val,50,,,,
secondary,A1,1,TI_LSTM,44,0.4959254947613504,859,1437,0.5977731384829506,0.35142658315935976,full_series,0.00236,0.013669999999999849,val,val,50,,,,
secondary,A1,1,ME_TI_LSTM,44,0.4873524451939292,593,1437,0.4126652748782185,0.35908141962421714,full_series,0.00236,0.013669999999999849,val,val,50,,,,
secondary,A1,1,HYBRID,44,0.4519230769230769,312,1437,0.21711899791231734,0.3924843423799583,full_series,0.00236,0.013669999999999849,val,val,,50,50,0.0,ti
secondary,A2,1,ME_LSTM,44,0.48,450,1437,0.31315240083507306,0.40640222686151706,train_only,0.00272,0.013660000000000005,test,val,50,,,,
secondary,A2,1,TI_LSTM,44,0.5196969696969697,660,1437,0.4592901878914405,0.4001391788448156,train_only,0.00272,0.013660000000000005,test,val,100,,,,
secondary,A2,1,ME_TI_LSTM,44,0.5344129554655871,247,1437,0.17188587334725122,0.4405010438413361,train_only,0.00272,0.013660000000000005,test,val,50,,,,
secondary,A2,1,HYBRID,44,0.3958333333333333,144,1437,0.10020876826722339,0.4474599860821155,train_only,0.00272,0.013660000000000005,test,val,,50,100,0.45,ti
secondary,A3,1,ME_LSTM,44,0.5384615384615384,26,1437,0.018093249826026444,0.4683368128044537,train_only,0.00272,0.013660000000000005,val,test,150,,,,
secondary,A3,1,TI_LSTM,44,0.5021645021645021,462,1437,0.32150313152400833,0.42936673625608907,train_only,0.00272,0.013660000000000005,val,test,50,,,,
secondary,A3,1,ME_TI_LSTM,44,0.4925028835063437,867,1437,0.6033402922755741,0.3465553235908142,train_only,0.00272,0.013660000000000005,val,test,200,,,,
secondary,A3,1,HYBRID,44,1.0,2,1437,0.0013917884481558804,0.4732080723729993,train_only,0.00272,0.013660000000000005,val,test,,150,50,0.0,ti
secondary,A4,1,ME_LSTM,44,0.4905008635578584,579,1437,0.40292275574112735,0.37160751565762007,full_series,0.00236,0.013669999999999849,test,test,50,,,,
secondary,A4,1,TI_LSTM,44,0.4959254947613504,859,1437,0.5977731384829506,0.35142658315935976,full_series,0.00236,0.013669999999999849,test,test,50,,,,
secondary,A4,1,ME_TI_LSTM,44,0.4873524451939292,593,1437,0.4126652748782185,0.35908141962421714,full_series,0.00236,0.013669999999999849,test,test,50,,,,
secondary,A4,1,HYBRID,44,0.4519230769230769,312,1437,0.21711899791231734,0.3924843423799583,full_series,0.00236,0.013669999999999849,test,test,,50,50,0.0,ti
secondary,A0,1,ME_LSTM,45,0.5,22,1437,0.015309672929714684,0.46903270702853167,train_only,0.00272,0.013660000000000005,val,val,150,,,,
secondary,A0,1,TI_LSTM,45,0.5087719298245614,1083,1437,0.7536534446764092,0.3235908141962422,train_only,0.00272,0.013660000000000005,val,val,50,,,,
secondary,A0,1,ME_TI_LSTM,45,0.5326370757180157,383,1437,0.2665274878218511,0.40083507306889354,train_only,0.00272,0.013660000000000005,val,val,100,,,,
secondary,A0,1,HYBRID,45,0.625,8,1437,0.0055671537926235215,0.4704244954766875,train_only,0.00272,0.013660000000000005,val,val,,150,50,0.0,ti
secondary,A1,1,ME_LSTM,45,0.5102375102375102,1221,1437,0.8496868475991649,0.3089770354906054,full_series,0.00236,0.013669999999999849,val,val,50,,,,
secondary,A1,1,TI_LSTM,45,0.5087719298245614,1083,1437,0.7536534446764092,0.33611691022964507,full_series,0.00236,0.013669999999999849,val,val,50,,,,
secondary,A1,1,ME_TI_LSTM,45,0.5036764705882353,1088,1437,0.7571329157967989,0.32150313152400833,full_series,0.00236,0.013669999999999849,val,val,50,,,,
secondary,A1,1,HYBRID,45,0.5182863113897597,957,1437,0.6659707724425887,0.34585942936673625,full_series,0.00236,0.013669999999999849,val,val,,50,50,0.0,ti
secondary,A2,1,ME_LSTM,45,0.4869109947643979,191,1437,0.13291579679888657,0.4606819763395964,train_only,0.00272,0.013660000000000005,test,val,50,,,,
secondary,A2,1,TI_LSTM,45,0.5087719298245614,1083,1437,0.7536534446764092,0.3235908141962422,train_only,0.00272,0.013660000000000005,test,val,50,,,,
secondary,A2,1,ME_TI_LSTM,45,0.5355450236966824,211,1437,0.14683368128044538,0.4405010438413361,train_only,0.00272,0.013660000000000005,test,val,50,,,,
secondary,A2,1,HYBRID,45,0.5,168,1437,0.11691022964509394,0.4627696590118302,train_only,0.00272,0.013660000000000005,test,val,,50,50,0.0,ti
secondary,A3,1,ME_LSTM,45,0.5,22,1437,0.015309672929714684,0.46903270702853167,train_only,0.00272,0.013660000000000005,val,test,150,,,,
secondary,A3,1,TI_LSTM,45,0.5087719298245614,1083,1437,0.7536534446764092,0.3235908141962422,train_only,0.00272,0.013660000000000005,val,test,50,,,,
secondary,A3,1,ME_TI_LSTM,45,0.5326370757180157,383,1437,0.2665274878218511,0.40083507306889354,train_only,0.00272,0.013660000000000005,val,test,100,,,,
secondary,A3,1,HYBRID,45,0.625,8,1437,0.0055671537926235215,0.4704244954766875,train_only,0.00272,0.013660000000000005,val,test,,150,50,0.0,ti
secondary,A4,1,ME_LSTM,45,0.5102375102375102,1221,1437,0.8496868475991649,0.3089770354906054,full_series,0.00236,0.013669999999999849,test,test,50,,,,
secondary,A4,1,TI_LSTM,45,0.5087719298245614,1083,1437,0.7536534446764092,0.33611691022964507,full_series,0.00236,0.013669999999999849,test,test,50,,,,
secondary,A4,1,ME_TI_LSTM,45,0.5036764705882353,1088,1437,0.7571329157967989,0.32150313152400833,full_series,0.00236,0.013669999999999849,test,test,50,,,,
secondary,A4,1,HYBRID,45,0.5414012738853503,314,1437,0.21851078636047322,0.38900487125956856,full_series,0.00236,0.013669999999999849,test,test,,50,50,0.45,ti
secondary,A0,1,ME_LSTM,46,0.5029498525073747,678,1437,0.4718162839248434,0.35768963117606123,train_only,0.00272,0.013660000000000005,val,val,200,,,,
secondary,A0,1,TI_LSTM,46,0.5134099616858238,783,1437,0.5448851774530271,0.35768963117606123,train_only,0.00272,0.013660000000000005,val,val,50,,,,
secondary,A0,1,ME_TI_LSTM,46,0.5095057034220533,263,1437,0.18302018093249825,0.4627696590118302,train_only,0.00272,0.013660000000000005,val,val,100,,,,
secondary,A0,1,HYBRID,46,0.5265822784810127,395,1437,0.27487821851078637,0.39735560194850383,train_only,0.00272,0.013660000000000005,val,val,,200,50,0.0,ti
secondary,A1,1,ME_LSTM,46,0.5086986778009742,1437,1437,1.0,0.2964509394572025,full_series,0.00236,0.013669999999999849,val,val,50,,,,
secondary,A1,1,TI_LSTM,46,0.5134099616858238,783,1437,0.5448851774530271,0.35490605427974947,full_series,0.00236,0.013669999999999849,val,val,50,,,,
secondary,A1,1,ME_TI_LSTM,46,0.5135746606334841,442,1437,0.30758524704244955,0.3883089770354906,full_series,0.00236,0.013669999999999849,val,val,50,,,,
secondary,A1,1,HYBRID,46,0.5146871008939975,783,1437,0.5448851774530271,0.3535142658315936,full_series,0.00236,0.013669999999999849,val,val,,50,50,0.0,ti
secondary,A2,1,ME_LSTM,46,0.5128617363344051,622,1437,0.4328462073764788,0.3618649965205289,train_only,0.00272,0.013660000000000005,test,val,150,,,,
secondary,A2,1,TI_LSTM,46,0.5134099616858238,783,1437,0.5448851774530271,0.35768963117606123,train_only,0.00272,0.013660000000000005,test,val,50,,,,
secondary,A2,1,ME_TI_LSTM,46,0.5248447204968945,322,1437,0.22407794015309673,0.4342379958246347,train_only,0.00272,0.013660000000000005,test,val,50,,,,
secondary,A2,1,HYBRID,46,0.5274151436031331,383,1437,0.2665274878218511,0.39944328462073764,train_only,0.00272,0.013660000000000005,test,val,,150,50,0.0,ti
secondary,A3,1,ME_LSTM,46,0.5029498525073747,678,1437,0.4718162839248434,0.35768963117606123,train_only,0.00272,0.013660000000000005,val,test,200,,,,
secondary,A3,1,TI_LSTM,46,0.5134099616858238,783,1437,0.5448851774530271,0.35768963117606123,train_only,0.00272,0.013660000000000005,val,test,50,,,,
secondary,A3,1,ME_TI_LSTM,46,0.5095057034220533,263,1437,0.18302018093249825,0.4627696590118302,train_only,0.00272,0.013660000000000005,val,test,100,,,,
secondary,A3,1,HYBRID,46,0.5301837270341208,381,1437,0.2651356993736952,0.40153096729297144,train_only,0.00272,0.013660000000000005,val,test,,200,50,0.4,ti
secondary,A4,1,ME_LSTM,46,0.5086986778009742,1437,1437,1.0,0.2964509394572025,full_series,0.00236,0.013669999999999849,test,test,50,,,,
secondary,A4,1,TI_LSTM,46,0.5134099616858238,783,1437,0.5448851774530271,0.35490605427974947,full_series,0.00236,0.013669999999999849,test,test,50,,,,
secondary,A4,1,ME_TI_LSTM,46,0.5214953271028038,535,1437,0.37230340988169797,0.36812804453723036,full_series,0.00236,0.013669999999999849,test,test,150,,,,
secondary,A4,1,HYBRID,46,0.5146871008939975,783,1437,0.5448851774530271,0.3535142658315936,full_series,0.00236,0.013669999999999849,test,test,,50,50,0.0,ti
secondary,A0,3,ME_LSTM,42,0.5166374781085814,1142,1437,0.7947112038970077,0.35073068893528186,train_only,0.00483,0.020700000000000163,val,val,50,,,,
secondary,A0,3,TI_LSTM,42,0.5105916727538349,1369,1437,0.9526791927627001,0.27139874739039666,train_only,0.00483,0.020700000000000163,val,val,50,,,,
secondary,A0,3,ME_TI_LSTM,42,0.5131578947368421,1064,1437,0.7404314544189283,0.34168406402226864,train_only,0.00483,0.020700000000000163,val,val,50,,,,
secondary,A0,3,HYBRID,42,0.5360623781676414,513,1437,0.3569937369519833,0.43145441892832287,train_only,0.00483,0.020700000000000163,val,val,,50,50,0.5,ti
secondary,A1,3,ME_LSTM,42,0.5166374781085814,1142,1437,0.7947112038970077,0.35281837160751567,full_series,0.0042,0.02072000000000007,val,val,50,,,,
secondary,A1,3,TI_LSTM,42,0.5105916727538349,1369,1437,0.9526791927627001,0.2992345163535143,full_series,0.0042,0.02072000000000007,val,val,50,,,,
secondary,A1,3,ME_TI_LSTM,42,0.5131578947368421,1064,1437,0.7404314544189283,0.34794711203897005,full_series,0.0042,0.02072000000000007,val,val,50,,,,
secondary,A1,3,HYBRID,42,0.5360623781676414,513,1437,0.3569937369519833,0.40153096729297144,full_series,0.0042,0.02072000000000007,val,val,,50,50,0.5,ti
secondary,A2,3,ME_LSTM,42,0.5166374781085814,1142,1437,0.7947112038970077,0.35073068893528186,train_only,0.00483,0.020700000000000163,test,val,50,,,,
secondary,A2,3,TI_LSTM,42,0.5105916727538349,1369,1437,0.9526791927627001,0.27139874739039666,train_only,0.00483,0.020700000000000163,test,val,50,,,,
secondary,A2,3,ME_TI_LSTM,42,0.5131578947368421,1064,1437,0.7404314544189283,0.34168406402226864,train_only,0.00483,0.020700000000000163,test,val,50,,,,
secondary,A2,3,HYBRID,42,0.5360623781676414,513,1437,0.3569937369519833,0.43145441892832287,train_only,0.00483,0.020700000000000163,test,val,,50,50,0.5,ti
secondary,A3,3,ME_LSTM,42,0.5166374781085814,1142,1437,0.7947112038970077,0.35073068893528186,train_only,0.00483,0.020700000000000163,val,test,50,,,,
secondary,A3,3,TI_LSTM,42,0.5105916727538349,1369,1437,0.9526791927627001,0.27139874739039666,train_only,0.00483,0.020700000000000163,val,test,50,,,,
secondary,A3,3,ME_TI_LSTM,42,0.5131578947368421,1064,1437,0.7404314544189283,0.34168406402226864,train_only,0.00483,0.020700000000000163,val,test,50,,,,
secondary,A3,3,HYBRID,42,0.5880281690140845,284,1437,0.19763395963813501,0.4725121781489214,train_only,0.00483,0.020700000000000163,val,test,,50,50,0.55,ti
secondary,A4,3,ME_LSTM,42,0.5166374781085814,1142,1437,0.7947112038970077,0.35281837160751567,full_series,0.0042,0.02072000000000007,test,test,50,,,,
secondary,A4,3,TI_LSTM,42,0.5105916727538349,1369,1437,0.9526791927627001,0.2992345163535143,full_series,0.0042,0.02072000000000007,test,test,50,,,,
secondary,A4,3,ME_TI_LSTM,42,0.5131578947368421,1064,1437,0.7404314544189283,0.34794711203897005,full_series,0.0042,0.02072000000000007,test,test,50,,,,
secondary,A4,3,HYBRID,42,0.5880281690140845,284,1437,0.19763395963813501,0.430062630480167,full_series,0.0042,0.02072000000000007,test,test,,50,50,0.55,ti
secondary,A0,3,ME_LSTM,43,0.47719298245614034,855,1437,0.5949895615866388,0.35768963117606123,train_only,0.00483,0.020700000000000163,val,val,50,,,,
secondary,A0,3,TI_LSTM,43,0.5027124773960217,1106,1437,0.7696590118302018,0.32498260264439804,train_only,0.00483,0.020700000000000163,val,val,50,,,,
secondary,A0,3,ME_TI_LSTM,43,0.5198451113262342,1033,1437,0.7188587334725122,0.33611691022964507,train_only,0.00483,0.020700000000000163,val,val,100,,,,
secondary,A0,3,HYBRID,43,0.46153846153846156,637,1437,0.44328462073764785,0.38970076548364646,train_only,0.00483,0.020700000000000163,val,val,,50,50,0.0,ti
secondary,A1,3,ME_LSTM,43,0.47719298245614034,855,1437,0.5949895615866388,0.3430758524704245,full_series,0.0042,0.02072000000000007,val,val,50,,,,
secondary,A1,3,TI_LSTM,43,0.5027124773960217,1106,1437,0.7696590118302018,0.33194154488517746,full_series,0.0042,0.02072000000000007,val,val,50,,,,
secondary,A1,3,ME_TI_LSTM,43,0.4632352941176471,952,1437,0.662491301322199,0.3326374391092554,full_series,0.0042,0.02072000000000007,val,val,50,,,,
secondary,A1,3,HYBRID,43,0.46153846153846156,637,1437,0.44328462073764785,0.3674321503131524,full_series,0.0042,0.02072000000000007,val,val,,50,50,0.0,ti
secondary,A2,3,ME_LSTM,43,0.47719298245614034,855,1437,0.5949895615866388,0.35768963117606123,train_only,0.00483,0.020700000000000163,test,val,50,,,,
secondary,A2,3,TI_LSTM,43,0.5027124773960217,1106,1437,0.7696590118302018,0.32498260264439804,train_only,0.00483,0.020700000000000163,test,val,50,,,,
secondary,A2,3,ME_TI_LSTM,43,0.5220372184133203,1021,1437,0.7105080027835768,0.3354210160055672,train_only,0.00483,0.020700000000000163,test,val,50,,,,
secondary,A2,3,HYBRID,43,0.46153846153846156,637,1437,0.44328462073764785,0.38970076548364646,train_only,0.00483,0.020700000000000163,test,val,,50,50,0.0,ti
secondary,A3,3,ME_LSTM,43,0.47719298245614034,855,1437,0.5949895615866388,0.35768963117606123,train_only,0.00483,0.020700000000000163,val,test,50,,,,
secondary,A3,3,TI_LSTM,43,0.5027124773960217,1106,1437,0.7696590118302018,0.32498260264439804,train_only,0.00483,0.020700000000000163,val,test,50,,,,
secondary,A3,3,ME_TI_LSTM,43,0.5198451113262342,1033,1437,0.7188587334725122,0.33611691022964507,train_only,0.00483,0.020700000000000163,val,test,100,,,,
secondary,A3,3,HYBRID,43,0.47326732673267324,505,1437,0.35142658315935976,0.4210160055671538,train_only,0.00483,0.020700000000000163,val,test,,50,50,0.4,ti
secondary,A4,3,ME_LSTM,43,0.47719298245614034,855,1437,0.5949895615866388,0.3430758524704245,full_series,0.0042,0.02072000000000007,test,test,50,,,,
secondary,A4,3,TI_LSTM,43,0.5027124773960217,1106,1437,0.7696590118302018,0.33194154488517746,full_series,0.0042,0.02072000000000007,test,test,50,,,,
secondary,A4,3,ME_TI_LSTM,43,0.4632352941176471,952,1437,0.662491301322199,0.3326374391092554,full_series,0.0042,0.02072000000000007,test,test,50,,,,
secondary,A4,3,HYBRID,43,0.47326732673267324,505,1437,0.35142658315935976,0.3938761308281141,full_series,0.0042,0.02072000000000007,test,test,,50,50,0.4,ti
secondary,A0,3,ME_LSTM,44,0.4525043177892919,579,1437,0.40292275574112735,0.4126652748782185,train_only,0.00483,0.020700000000000163,val,val,50,,,,
secondary,A0,3,TI_LSTM,44,0.5023364485981309,856,1437,0.5956854558107167,0.35490605427974947,train_only,0.00483,0.020700000000000163,val,val,50,,,,
secondary,A0,3,ME_TI_LSTM,44,0.44013490725126475,593,1437,0.4126652748782185,0.40083507306889354,train_only,0.00483,0.020700000000000163,val,val,50,,,,
secondary,A0,3,HYBRID,44,0.41346153846153844,312,1437,0.21711899791231734,0.4495476687543493,train_only,0.00483,0.020700000000000163,val,val,,50,50,0.0,ti
secondary,A1,3,ME_LSTM,44,0.4525043177892919,579,1437,0.40292275574112735,0.38552540013917885,full_series,0.0042,0.02072000000000007,val,val,50,,,,
secondary,A1,3,TI_LSTM,44,0.5023364485981309,856,1437,0.5956854558107167,0.35073068893528186,full_series,0.0042,0.02072000000000007,val,val,50,,,,
secondary,A1,3,ME_TI_LSTM,44,0.44013490725126475,593,1437,0.4126652748782185,0.3743910925539318,full_series,0.0042,0.02072000000000007,val,val,50,,,,
secondary,A1,3,HYBRID,44,0.41346153846153844,312,1437,0.21711899791231734,0.40501043841336115,full_series,0.0042,0.02072000000000007,val,val,,50,50,0.0,ti
secondary,A2,3,ME_LSTM,44,0.4525043177892919,579,1437,0.40292275574112735,0.4126652748782185,train_only,0.00483,0.020700000000000163,test,val,50,,,,
secondary,A2,3,TI_LSTM,44,0.5023364485981309,856,1437,0.5956854558107167,0.35490605427974947,train_only,0.00483,0.020700000000000163,test,val,50,,,,
secondary,A2,3,ME_TI_LSTM,44,0.44013490725126475,593,1437,0.4126652748782185,0.40083507306889354,train_only,0.00483,0.020700000000000163,test,val,50,,,,
secondary,A2,3,HYBRID,44,0.41346153846153844,312,1437,0.21711899791231734,0.4495476687543493,train_only,0.00483,0.020700000000000163,test,val,,50,50,0.0,ti
secondary,A3,3,ME_LSTM,44,0.4525043177892919,579,1437,0.40292275574112735,0.4126652748782185,train_only,0.00483,0.020700000000000163,val,test,50,,,,
secondary,A3,3,TI_LSTM,44,0.5023364485981309,856,1437,0.5956854558107167,0.35490605427974947,train_only,0.00483,0.020700000000000163,val,test,50,,,,
secondary,A3,3,ME_TI_LSTM,44,0.44013490725126475,593,1437,0.4126652748782185,0.40083507306889354,train_only,0.00483,0.020700000000000163,val,test,50,,,,
secondary,A3,3,HYBRID,44,0.41346153846153844,312,1437,0.21711899791231734,0.4495476687543493,train_only,0.00483,0.020700000000000163,val,test,,50,50,0.0,ti
secondary,A4,3,ME_LSTM,44,0.4525043177892919,579,1437,0.40292275574112735,0.38552540013917885,full_series,0.0042,0.02072000000000007,test,test,50,,,,
secondary,A4,3,TI_LSTM,44,0.5023364485981309,856,1437,0.5956854558107167,0.35073068893528186,full_series,0.0042,0.02072000000000007,test,test,50,,,,
secondary,A4,3,ME_TI_LSTM,44,0.44013490725126475,593,1437,0.4126652748782185,0.3743910925539318,full_series,0.0042,0.02072000000000007,test,test,50,,,,
secondary,A4,3,HYBRID,44,0.41346153846153844,312,1437,0.21711899791231734,0.40501043841336115,full_series,0.0042,0.02072000000000007,test,test,,50,50,0.0,ti
secondary,A0,3,ME_LSTM,45,0.4864643150123052,1219,1437,0.848295059151009,0.2818371607515658,train_only,0.00483,0.020700000000000163,val,val,50,,,,
secondary,A0,3,TI_LSTM,45,0.509713228492137,1081,1437,0.7522616562282533,0.33194154488517746,train_only,0.00483,0.020700000000000163,val,val,50,,,,
secondary,A0,3,ME_TI_LSTM,45,0.48066298342541436,1086,1437,0.755741127348643,0.32080723729993044,train_only,0.00483,0.020700000000000163,val,val,50,,,,
secondary,A0,3,HYBRID,45,0.49213011542497376,953,1437,0.6631871955462769,0.33402922755741127,train_only,0.00483,0.020700000000000163,val,val,,50,50,0.0,ti
secondary,A1,3,ME_LSTM,45,0.4864643150123052,1219,1437,0.848295059151009,0.2950591510090466,full_series,0.0042,0.02072000000000007,val,val,50,,,,
secondary,A1,3,TI_LSTM,45,0.509713228492137,1081,1437,0.7522616562282533,0.33890048712595683,full_series,0.0042,0.02072000000000007,val,val,50,,,,
secondary,A1,3,ME_TI_LSTM,45,0.48066298342541436,1086,1437,0.755741127348643,0.32498260264439804,full_series,0.0042,0.02072000000000007,val,val,50,,,,
secondary,A1,3,HYBRID,45,0.49213011542497376,953,1437,0.6631871955462769,0.3326374391092554,full_series,0.0042,0.02072000000000007,val,val,,50,50,0.0,ti
secondary,A2,3,ME_LSTM,45,0.4864643150123052,1219,1437,0.848295059151009,0.2818371607515658,train_only,0.00483,0.020700000000000163,test,val,50,,,,
secondary,A2,3,TI_LSTM,45,0.509713228492137,1081,1437,0.7522616562282533,0.33194154488517746,train_only,0.00483,0.020700000000000163,test,val,50,,,,
secondary,A2,3,ME_TI_LSTM,45,0.48066298342541436,1086,1437,0.755741127348643,0.32080723729993044,train_only,0.00483,0.020700000000000163,test,val,50,,,,
secondary,A2,3,HYBRID,45,0.49213011542497376,953,1437,0.6631871955462769,0.33402922755741127,train_only,0.00483,0.020700000000000163,test,val,,50,50,0.0,ti
secondary,A3,3,ME_LSTM,45,0.4864643150123052,1219,1437,0.848295059151009,0.2818371607515658,train_only,0.00483,0.020700000000000163,val,test,50,,,,
secondary,A3,3,TI_LSTM,45,0.509713228492137,1081,1437,0.7522616562282533,0.33194154488517746,train_only,0.00483,0.020700000000000163,val,test,50,,,,
secondary,A3,3,ME_TI_LSTM,45,0.48066298342541436,1086,1437,0.755741127348643,0.32080723729993044,train_only,0.00483,0.020700000000000163,val,test,50,,,,
secondary,A3,3,HYBRID,45,0.5032051282051282,312,1437,0.21711899791231734,0.41475295755045233,train_only,0.00483,0.020700000000000163,val,test,,50,50,0.45,ti
secondary,A4,3,ME_LSTM,45,0.4864643150123052,1219,1437,0.848295059151009,0.2950591510090466,full_series,0.0042,0.02072000000000007,test,test,50,,,,
secondary,A4,3,TI_LSTM,45,0.509713228492137,1081,1437,0.7522616562282533,0.33890048712595683,full_series,0.0042,0.02072000000000007,test,test,50,,,,
secondary,A4,3,ME_TI_LSTM,45,0.48066298342541436,1086,1437,0.755741127348643,0.32498260264439804,full_series,0.0042,0.02072000000000007,test,test,50,,,,
secondary,A4,3,HYBRID,45,0.5032051282051282,312,1437,0.21711899791231734,0.3869171885873347,full_series,0.0042,0.02072000000000007,test,test,,50,50,0.45,ti
secondary,A0,3,ME_LSTM,46,0.5073068893528184,1437,1437,1.0,0.2720946416144746,train_only,0.00483,0.020700000000000163,val,val,50,,,,
secondary,A0,3,TI_LSTM,46,0.5172855313700384,781,1437,0.5434933890048712,0.36256089074460685,train_only,0.00483,0.020700000000000163,val,val,50,,,,
secondary,A0,3,ME_TI_LSTM,46,0.5073068893528184,1437,1437,1.0,0.2720946416144746,train_only,0.00483,0.020700000000000163,val,val,50,,,,
secondary,A0,3,HYBRID,46,0.5185659411011524,781,1437,0.5434933890048712,0.3639526791927627,train_only,0.00483,0.020700000000000163,val,val,,50,50,0.0,ti
secondary,A1,3,ME_LSTM,46,0.5073068893528184,1437,1437,1.0,0.3013221990257481,full_series,0.0042,0.02072000000000007,val,val,50,,,,
secondary,A1,3,TI_LSTM,46,0.5172855313700384,781,1437,0.5434933890048712,0.3521224773834377,full_series,0.0042,0.02072000000000007,val,val,50,,,,
secondary,A1,3,ME_TI_LSTM,46,0.5073068893528184,1437,1437,1.0,0.3013221990257481,full_series,0.0042,0.02072000000000007,val,val,50,,,,
secondary,A1,3,HYBRID,46,0.5185659411011524,781,1437,0.5434933890048712,0.35490605427974947,full_series,0.0042,0.02072000000000007,val,val,,50,50,0.0,ti
secondary,A2,3,ME_LSTM,46,0.5073068893528184,1437,1437,1.0,0.2720946416144746,train_only,0.00483,0.020700000000000163,test,val,50,,,,
secondary,A2,3,TI_LSTM,46,0.5172855313700384,781,1437,0.5434933890048712,0.36256089074460685,train_only,0.00483,0.020700000000000163,test,val,50,,,,
secondary,A2,3,ME_TI_LSTM,46,0.5073068893528184,1437,1437,1.0,0.2720946416144746,train_only,0.00483,0.020700000000000163,test,val,50,,,,
secondary,A2,3,HYBRID,46,0.5185659411011524,781,1437,0.5434933890048712,0.3639526791927627,train_only,0.00483,0.020700000000000163,test,val,,50,50,0.0,ti
secondary,A3,3,ME_LSTM,46,0.5073068893528184,1437,1437,1.0,0.2720946416144746,train_only,0.00483,0.020700000000000163,val,test,50,,,,
secondary,A3,3,TI_LSTM,46,0.5172855313700384,781,1437,0.5434933890048712,0.36256089074460685,train_only,0.00483,0.020700000000000163,val,test,50,,,,
secondary,A3,3,ME_TI_LSTM,46,0.5073068893528184,1437,1437,1.0,0.2720946416144746,train_only,0.00483,0.020700000000000163,val,test,50,,,,
secondary,A3,3,HYBRID,46,0.5536912751677853,298,1437,0.20737647877522616,0.45998608211551845,train_only,0.00483,0.020700000000000163,val,test,,50,50,0.55,ti
secondary,A4,3,ME_LSTM,46,0.5073068893528184,1437,1437,1.0,0.3013221990257481,full_series,0.0042,0.02072000000000007,test,test,50,,,,
secondary,A4,3,TI_LSTM,46,0.5172855313700384,781,1437,0.5434933890048712,0.3521224773834377,full_series,0.0042,0.02072000000000007,test,test,50,,,,
secondary,A4,3,ME_TI_LSTM,46,0.5073068893528184,1437,1437,1.0,0.3013221990257481,full_series,0.0042,0.02072000000000007,test,test,50,,,,
secondary,A4,3,HYBRID,46,0.5536912751677853,298,1437,0.20737647877522616,0.42240779401530965,full_series,0.0042,0.02072000000000007,test,test,,50,50,0.55,ti
secondary,A0,5,ME_LSTM,42,0.5280210157618214,1142,1437,0.7947112038970077,0.325678496868476,train_only,0.0066,0.027879999999999905,val,val,50,,,,
secondary,A0,5,TI_LSTM,42,0.49159970781592405,1369,1437,0.9526791927627001,0.2533054975643702,train_only,0.0066,0.027879999999999905,val,val,50,,,,
secondary,A0,5,ME_TI_LSTM,42,0.5309568480300187,1066,1437,0.7418232428670842,0.3291579679888657,train_only,0.0066,0.027879999999999905,val,val,50,,,,
secondary,A0,5,HYBRID,42,0.5132482826300294,1019,1437,0.709116214335421,0.34585942936673625,train_only,0.0066,0.027879999999999905,val,val,,50,50,0.4,ti
secondary,A1,5,ME_LSTM,42,0.5280210157618214,1142,1437,0.7947112038970077,0.3430758524704245,full_series,0.00566,0.027879999999999905,val,val,50,,,,
secondary,A1,5,TI_LSTM,42,0.49159970781592405,1369,1437,0.9526791927627001,0.27348643006263046,full_series,0.00566,0.027879999999999905,val,val,50,,,,
secondary,A1,5,ME_TI_LSTM,42,0.5309568480300187,1066,1437,0.7418232428670842,0.34029227557411273,full_series,0.00566,0.027879999999999905,val,val,50,,,,
secondary,A1,5,HYBRID,42,0.5132482826300294,1019,1437,0.709116214335421,0.348643006263048,full_series,0.00566,0.027879999999999905,val,val,,50,50,0.4,ti
secondary,A2,5,ME_LSTM,42,0.5280210157618214,1142,1437,0.7947112038970077,0.325678496868476,train_only,0.0066,0.027879999999999905,test,val,50,,,,
secondary,A2,5,TI_LSTM,42,0.49159970781592405,1369,1437,0.9526791927627001,0.2533054975643702,train_only,0.0066,0.027879999999999905,test,val,50,,,,
secondary,A2,5,ME_TI_LSTM,42,0.5309568480300187,1066,1437,0.7418232428670842,0.3291579679888657,train_only,0.0066,0.027879999999999905,test,val,50,,,,
secondary,A2,5,HYBRID,42,0.5132482826300294,1019,1437,0.709116214335421,0.34585942936673625,train_only,0.0066,0.027879999999999905,test,val,,50,50,0.4,ti
secondary,A3,5,ME_LSTM,42,0.5280210157618214,1142,1437,0.7947112038970077,0.325678496868476,train_only,0.0066,0.027879999999999905,val,test,50,,,,
secondary,A3,5,TI_LSTM,42,0.49159970781592405,1369,1437,0.9526791927627001,0.2533054975643702,train_only,0.0066,0.027879999999999905,val,test,50,,,,
secondary,A3,5,ME_TI_LSTM,42,0.5309568480300187,1066,1437,0.7418232428670842,0.3291579679888657,train_only,0.0066,0.027879999999999905,val,test,50,,,,
secondary,A3,5,HYBRID,42,0.6267605633802817,284,1437,0.19763395963813501,0.48434237995824636,train_only,0.0066,0.027879999999999905,val,test,,50,50,0.55,ti
secondary,A4,5,ME_LSTM,42,0.5280210157618214,1142,1437,0.7947112038970077,0.3430758524704245,full_series,0.00566,0.027879999999999905,test,test,50,,,,
secondary,A4,5,TI_LSTM,42,0.49159970781592405,1369,1437,0.9526791927627001,0.27348643006263046,full_series,0.00566,0.027879999999999905,test,test,50,,,,
secondary,A4,5,ME_TI_LSTM,42,0.5309568480300187,1066,1437,0.7418232428670842,0.34029227557411273,full_series,0.00566,0.027879999999999905,test,test,50,,,,
secondary,A4,5,HYBRID,42,0.6267605633802817,284,1437,0.19763395963813501,0.43771746694502434,full_series,0.00566,0.027879999999999905,test,test,,50,50,0.55,ti
secondary,A0,5,ME_LSTM,43,0.45964912280701753,855,1437,0.5949895615866388,0.34168406402226864,train_only,0.0066,0.027879999999999905,val,val,50,,,,
secondary,A0,5,TI_LSTM,43,0.5036231884057971,1104,1437,0.7682672233820459,0.3089770354906054,train_only,0.0066,0.027879999999999905,val,val,50,,,,
secondary,A0,5,ME_TI_LSTM,43,0.44432773109243695,952,1437,0.662491301322199,0.3124565066109951,train_only,0.0066,0.027879999999999905,val,val,50,,,,
secondary,A0,5,HYBRID,43,0.4519685039370079,635,1437,0.441892832289492,0.38343771746694505,train_only,0.0066,0.027879999999999905,val,val,,50,50,0.0,ti
secondary,A1,5,ME_LSTM,43,0.45964912280701753,855,1437,0.5949895615866388,0.3326374391092554,full_series,0.00566,0.027879999999999905,val,val,50,,,,
secondary,A1,5,TI_LSTM,43,0.5036231884057971,1104,1437,0.7682672233820459,0.3124565066109951,full_series,0.00566,0.027879999999999905,val,val,50,,,,
secondary,A1,5,ME_TI_LSTM,43,0.44432773109243695,952,1437,0.662491301322199,0.3117606123869172,full_series,0.00566,0.027879999999999905,val,val,50,,,,
secondary,A1,5,HYBRID,43,0.4519685039370079,635,1437,0.441892832289492,0.35490605427974947,full_series,0.00566,0.027879999999999905,val,val,,50,50,0.0,ti
secondary,A2,5,ME_LSTM,43,0.45964912280701753,855,1437,0.5949895615866388,0.34168406402226864,train_only,0.0066,0.027879999999999905,test,val,50,,,,
secondary,A2,5,TI_LSTM,43,0.5036231884057971,1104,1437,0.7682672233820459,0.3089770354906054,train_only,0.0066,0.027879999999999905,test,val,50,,,,
secondary,A2,5,ME_TI_LSTM,43,0.44432773109243695,952,1437,0.662491301322199,0.3124565066109951,train_only,0.0066,0.027879999999999905,test,val,50,,,,
secondary,A2,5,HYBRID,43,0.4519685039370079,635,1437,0.441892832289492,0.38343771746694505,train_only,0.0066,0.027879999999999905,test,val,,50,50,0.0,ti
secondary,A3,5,ME_LSTM,43,0.45964912280701753,855,1437,0.5949895615866388,0.34168406402226864,train_only,0.0066,0.027879999999999905,val,test,50,,,,
secondary,A3,5,TI_LSTM,43,0.5036231884057971,1104,1437,0.7682672233820459,0.3089770354906054,train_only,0.0066,0.027879999999999905,val,test,50,,,,
secondary,A3,5,ME_TI_LSTM,43,0.44432773109243695,952,1437,0.662491301322199,0.3124565066109951,train_only,0.0066,0.027879999999999905,val,test,50,,,,
secondary,A3,5,HYBRID,43,0.4945054945054945,182,1437,0.1266527487821851,0.4822546972860125,train_only,0.0066,0.027879999999999905,val,test,,50,50,0.45,ti
secondary,A4,5,ME_LSTM,43,0.45964912280701753,855,1437,0.5949895615866388,0.3326374391092554,full_series,0.00566,0.027879999999999905,test,test,50,,,,
secondary,A4,5,TI_LSTM,43,0.5036231884057971,1104,1437,0.7682672233820459,0.3124565066109951,full_series,0.00566,0.027879999999999905,test,test,50,,,,
secondary,A4,5,ME_TI_LSTM,43,0.44432773109243695,952,1437,0.662491301322199,0.3117606123869172,full_series,0.00566,0.027879999999999905,test,test,50,,,,
secondary,A4,5,HYBRID,43,0.4945054945054945,182,1437,0.1266527487821851,0.4279749478079332,full_series,0.00566,0.027879999999999905,test,test,,50,50,0.45,ti
secondary,A0,5,ME_LSTM,44,0.4473229706390328,579,1437,0.40292275574112735,0.3980514961725818,train_only,0.0066,0.027879999999999905,val,val,50,,,,
secondary,A0,5,TI_LSTM,44,0.48424737456242706,857,1437,0.5963813500347948,0.360473208072373,train_only,0.0066,0.027879999999999905,val,val,50,,,,
secondary,A0,5,ME_TI_LSTM,44,0.4375,592,1437,0.41196938065414057,0.38970076548364646,train_only,0.0066,0.027879999999999905,val,val,50,,,,
secondary,A0,5,HYBRID,44,0.3814102564102564,312,1437,0.21711899791231734,0.4439805149617258,train_only,0.0066,0.027879999999999905,val,val,,50,50,0.0,ti
secondary,A1,5,ME_LSTM,44,0.4473229706390328,579,1437,0.40292275574112735,0.3709116214335421,full_series,0.00566,0.027879999999999905,val,val,50,,,,
secondary,A1,5,TI_LSTM,44,0.48424737456242706,857,1437,0.5963813500347948,0.3542101600556715,full_series,0.00566,0.027879999999999905,val,val,50,,,,
secondary,A1,5,ME_TI_LSTM,44,0.4375,592,1437,0.41196938065414057,0.3618649965205289,full_series,0.00566,0.027879999999999905,val,val,50,,,,
secondary,A1,5,HYBRID,44,0.3814102564102564,312,1437,0.21711899791231734,0.40501043841336115,full_series,0.00566,0.027879999999999905,val,val,,50,50,0.0,ti
secondary,A2,5,ME_LSTM,44,0.4473229706390328,579,1437,0.40292275574112735,0.3980514961725818,train_only,0.0066,0.027879999999999905,test,val,50,,,,
secondary,A2,5,TI_LSTM,44,0.48424737456242706,857,1437,0.5963813500347948,0.360473208072373,train_only,0.0066,0.027879999999999905,test,val,50,,,,
secondary,A2,5,ME_TI_LSTM,44,0.4375,592,1437,0.41196938065414057,0.38970076548364646,train_only,0.0066,0.027879999999999905,test,val,50,,,,
secondary,A2,5,HYBRID,44,0.3814102564102564,312,1437,0.21711899791231734,0.4439805149617258,train_only,0.0066,0.027879999999999905,test,val,,50,50,0.0,ti
secondary,A3,5,ME_LSTM,44,0.4473229706390328,579,1437,0.40292275574112735,0.3980514961725818,train_only,0.0066,0.027879999999999905,val,test,50,,,,
secondary,A3,5,TI_LSTM,44,0.48424737456242706,857,1437,0.5963813500347948,0.360473208072373,train_only,0.0066,0.027879999999999905,val,test,50,,,,
secondary,A3,5,ME_TI_LSTM,44,0.4375,592,1437,0.41196938065414057,0.38970076548364646,train_only,0.0066,0.027879999999999905,val,test,50,,,,
secondary,A3,5,HYBRID,44,0.3851132686084142,309,1437,0.2150313152400835,0.44606819763395966,train_only,0.0066,0.027879999999999905,val,test,,50,50,0.4,ti
secondary,A4,5,ME_LSTM,44,0.4473229706390328,579,1437,0.40292275574112735,0.3709116214335421,full_series,0.00566,0.027879999999999905,test,test,50,,,,
secondary,A4,5,TI_LSTM,44,0.48424737456242706,857,1437,0.5963813500347948,0.3542101600556715,full_series,0.00566,0.027879999999999905,test,test,50,,,,
secondary,A4,5,ME_TI_LSTM,44,0.4375,592,1437,0.41196938065414057,0.3618649965205289,full_series,0.00566,0.027879999999999905,test,test,50,,,,
secondary,A4,5,HYBRID,44,0.3851132686084142,309,1437,0.2150313152400835,0.407098121085595,full_series,0.00566,0.027879999999999905,test,test,,50,50,0.4,ti
secondary,A0,5,ME_LSTM,45,0.5012325390304027,1217,1437,0.8469032707028532,0.27279053583855256,train_only,0.0066,0.027879999999999905,val,val,50,,,,
secondary,A0,5,TI_LSTM,45,0.5037037037037037,1080,1437,0.7515657620041754,0.3166318719554628,train_only,0.0066,0.027879999999999905,val,val,50,,,,
secondary,A0,5,ME_TI_LSTM,45,0.46309963099630996,1084,1437,0.7543493389004872,0.29366736256089077,train_only,0.0066,0.027879999999999905,val,val,50,,,,
secondary,A0,5,HYBRID,45,0.4936842105263158,950,1437,0.6610995128740431,0.3235908141962422,train_only,0.0066,0.027879999999999905,val,val,,50,50,0.0,ti
secondary,A1,5,ME_LSTM,45,0.5012325390304027,1217,1437,0.8469032707028532,0.2929714683368128,full_series,0.00566,0.027879999999999905,val,val,50,,,,
secondary,A1,5,TI_LSTM,45,0.5037037037037037,1080,1437,0.7515657620041754,0.3235908141962422,full_series,0.00566,0.027879999999999905,val,val,50,,,,
secondary,A1,5,ME_TI_LSTM,45,0.46309963099630996,1084,1437,0.7543493389004872,0.2985386221294363,full_series,0.00566,0.027879999999999905,val,val,50,,,,
secondary,A1,5,HYBRID,45,0.4936842105263158,950,1437,0.6610995128740431,0.325678496868476,full_series,0.00566,0.027879999999999905,val,val,,50,50,0.0,ti
secondary,A2,5,ME_LSTM,45,0.5012325390304027,1217,1437,0.8469032707028532,0.27279053583855256,train_only,0.0066,0.027879999999999905,test,val,50,,,,
secondary,A2,5,TI_LSTM,45,0.5037037037037037,1080,1437,0.7515657620041754,0.3166318719554628,train_only,0.0066,0.027879999999999905,test,val,50,,,,
secondary,A2,5,ME_TI_LSTM,45,0.46309963099630996,1084,1437,0.7543493389004872,0.29366736256089077,train_only,0.0066,0.027879999999999905,test,val,50,,,,
secondary,A2,5,HYBRID,45,0.4936842105263158,950,1437,0.6610995128740431,0.3235908141962422,train_only,0.0066,0.027879999999999905,test,val,,50,50,0.0,ti
secondary,A3,5,ME_LSTM,45,0.5012325390304027,1217,1437,0.8469032707028532,0.27279053583855256,train_only,0.0066,0.027879999999999905,val,test,50,,,,
secondary,A3,5,TI_LSTM,45,0.5037037037037037,1080,1437,0.7515657620041754,0.3166318719554628,train_only,0.0066,0.027879999999999905,val,test,50,,,,
secondary,A3,5,ME_TI_LSTM,45,0.46309963099630996,1084,1437,0.7543493389004872,0.29366736256089077,train_only,0.0066,0.027879999999999905,val,test,50,,,,
secondary,A3,5,HYBRID,45,0.5466237942122186,311,1437,0.2164231036882394,0.44467640918580376,train_only,0.0066,0.027879999999999905,val,test,,50,50,0.45,ti
secondary,A4,5,ME_LSTM,45,0.5012325390304027,1217,1437,0.8469032707028532,0.2929714683368128,full_series,0.00566,0.027879999999999905,test,test,50,,,,
secondary,A4,5,TI_LSTM,45,0.5037037037037037,1080,1437,0.7515657620041754,0.3235908141962422,full_series,0.00566,0.027879999999999905,test,test,50,,,,
secondary,A4,5,ME_TI_LSTM,45,0.46309963099630996,1084,1437,0.7543493389004872,0.2985386221294363,full_series,0.00566,0.027879999999999905,test,test,50,,,,
secondary,A4,5,HYBRID,45,0.5466237942122186,311,1437,0.2164231036882394,0.40501043841336115,full_series,0.00566,0.027879999999999905,test,test,,50,50,0.45,ti
secondary,A0,5,ME_LSTM,46,0.5205288796102993,1437,1437,1.0,0.2595685455810717,train_only,0.0066,0.027879999999999905,val,val,50,,,,
secondary,A0,5,TI_LSTM,46,0.5077120822622108,778,1437,0.5414057063326374,0.37021572720946416,train_only,0.0066,0.027879999999999905,val,val,50,,,,
secondary,A0,5,ME_TI_LSTM,46,0.5205288796102993,1437,1437,1.0,0.2595685455810717,train_only,0.0066,0.027879999999999905,val,val,50,,,,
secondary,A0,5,HYBRID,46,0.512853470437018,778,1437,0.5414057063326374,0.3695198329853862,train_only,0.0066,0.027879999999999905,val,val,,50,50,0.0,ti
secondary,A1,5,ME_LSTM,46,0.5205288796102993,1437,1437,1.0,0.2929714683368128,full_series,0.00566,0.027879999999999905,val,val,50,,,,
secondary,A1,5,TI_LSTM,46,0.5077120822622108,778,1437,0.5414057063326374,0.35768963117606123,full_series,0.00566,0.027879999999999905,val,val,50,,,,
secondary,A1,5,ME_TI_LSTM,46,0.5205288796102993,1437,1437,1.0,0.2929714683368128,full_series,0.00566,0.027879999999999905,val,val,50,,,,
secondary,A1,5,HYBRID,46,0.512853470437018,778,1437,0.5414057063326374,0.35768963117606123,full_series,0.00566,0.027879999999999905,val,val,,50,50,0.0,ti
secondary,A2,5,ME_LSTM,46,0.5205288796102993,1437,1437,1.0,0.2595685455810717,train_only,0.0066,0.027879999999999905,test,val,50,,,,
secondary,A2,5,TI_LSTM,46,0.5077120822622108,778,1437,0.5414057063326374,0.37021572720946416,train_only,0.0066,0.027879999999999905,test,val,50,,,,
secondary,A2,5,ME_TI_LSTM,46,0.5205288796102993,1437,1437,1.0,0.2595685455810717,train_only,0.0066,0.027879999999999905,test,val,50,,,,
secondary,A2,5,HYBRID,46,0.512853470437018,778,1437,0.5414057063326374,0.3695198329853862,train_only,0.0066,0.027879999999999905,test,val,,50,50,0.0,ti
secondary,A3,5,ME_LSTM,46,0.5205288796102993,1437,1437,1.0,0.2595685455810717,train_only,0.0066,0.027879999999999905,val,test,50,,,,
secondary,A3,5,TI_LSTM,46,0.5077120822622108,778,1437,0.5414057063326374,0.37021572720946416,train_only,0.0066,0.027879999999999905,val,test,50,,,,
secondary,A3,5,ME_TI_LSTM,46,0.5205288796102993,1437,1437,1.0,0.2595685455810717,train_only,0.0066,0.027879999999999905,val,test,50,,,,
secondary,A3,5,HYBRID,46,0.553763440860215,186,1437,0.12943632567849686,0.4836464857341684,train_only,0.0066,0.027879999999999905,val,test,,50,50,0.6,ti
secondary,A4,5,ME_LSTM,46,0.5205288796102993,1437,1437,1.0,0.2929714683368128,full_series,0.00566,0.027879999999999905,test,test,50,,,,
secondary,A4,5,TI_LSTM,46,0.5077120822622108,778,1437,0.5414057063326374,0.35768963117606123,full_series,0.00566,0.027879999999999905,test,test,50,,,,
secondary,A4,5,ME_TI_LSTM,46,0.5205288796102993,1437,1437,1.0,0.2929714683368128,full_series,0.00566,0.027879999999999905,test,test,50,,,,
secondary,A4,5,HYBRID,46,0.553763440860215,186,1437,0.12943632567849686,0.42936673625608907,full_series,0.00566,0.027879999999999905,test,test,,50,50,0.6,ti
