record,scale,arm,horizon,model,comparison,profit_accuracy_mean,profit_accuracy_sd,n_transactions_mean,transaction_rate_mean,n_test_rows,n_seeds,delta,ci_low,ci_high,distinguishable_from_zero
arm_mean,primary,A0,1,HYBRID,,0.48906071212514046,0.040508010314794375,126.2,0.5193415637860083,243,5,,,,
arm_mean,primary,A0,1,ME_LSTM,,0.4885495179484619,0.009947984100716,230.2,0.9473251028806585,243,5,,,,
arm_mean,primary,A0,1,ME_TI_LSTM,,0.48506115425520535,0.010092095889338959,201.8,0.8304526748971192,243,5,,,,
arm_mean,primary,A0,1,TI_LSTM,,0.4961047844830901,0.019538486503767768,164.4,0.6765432098765432,243,5,,,,
arm_mean,primary,A0,3,HYBRID,,0.46617394179894184,0.011411647027628312,92.8,0.38189300411522636,243,5,,,,
arm_mean,primary,A0,3,ME_LSTM,,0.4677640603566529,0.004751854067404338,145.8,0.6,243,5,,,,
arm_mean,primary,A0,3,ME_TI_LSTM,,0.474017657351875,0.058365015254193096,128.0,0.5267489711934157,243,5,,,,
arm_mean,primary,A0,3,TI_LSTM,,0.48823767383059413,0.03617908423941606,201.2,0.8279835390946502,243,5,,,,
arm_mean,primary,A0,5,HYBRID,,0.44996817368565917,0.024688131535245128,92.2,0.38099173553719007,242,5,,,,
arm_mean,primary,A0,5,ME_LSTM,,0.44214876033057854,0.0,145.2,0.6,242,5,,,,
arm_mean,primary,A0,5,ME_TI_LSTM,,0.44831125047935094,0.02091432736618138,153.6,0.6347107438016529,242,5,,,,
arm_mean,primary,A0,5,TI_LSTM,,0.47067180478814646,0.03881417270149088,200.0,0.8264462809917354,242,5,,,,
arm_mean,primary,A1,1,HYBRID,,0.5042039391086001,0.016032370036441434,93.2,0.38353909465020575,243,5,,,,
arm_mean,primary,A1,1,ME_LSTM,,0.5048010973936901,0.002375927033702153,145.8,0.6,243,5,,,,
arm_mean,primary,A1,1,ME_TI_LSTM,,0.4671880712069303,0.07076037946151655,146.8,0.6041152263374486,243,5,,,,
arm_mean,primary,A1,1,TI_LSTM,,0.4993259670349815,0.021605163707712274,201.6,0.8296296296296296,243,5,,,,
arm_mean,primary,A1,3,HYBRID,,0.46617394179894184,0.011411647027628312,92.8,0.38189300411522636,243,5,,,,
arm_mean,primary,A1,3,ME_LSTM,,0.4677640603566529,0.004751854067404338,145.8,0.6,243,5,,,,
arm_mean,primary,A1,3,ME_TI_LSTM,,0.45908159033247464,0.03361891592696211,154.2,0.6345679012345679,243,5,,,,
arm_mean,primary,A1,3,TI_LSTM,,0.48823767383059413,0.03617908423941606,201.2,0.8279835390946502,243,5,,,,
arm_mean,primary,A1,5,HYBRID,,0.44996817368565917,0.024688131535245128,92.2,0.38099173553719007,242,5,,,,
arm_mean,primary,A1,5,ME_LSTM,,0.44214876033057854,0.0,145.2,0.6,242,5,,,,
arm_mean,primary,A1,5,ME_TI_LSTM,,0.44831125047935094,0.02091432736618138,153.6,0.6347107438016529,242,5,,,,
arm_mean,primary,A1,5,TI_LSTM,,0.47067180478814646,0.03881417270149088,200.0,0.8264462809917354,242,5,,,,
arm_mean,primary,A2,1,HYBRID,,0.5066640949677781,0.007324606290325634,166.6,0.68559670781893,243,5,,,,
arm_mean,primary,A2,1,ME_LSTM,,0.5034318048206937,0.01458297182274164,239.2,0.9843621399176955,243,5,,,,
arm_mean,primary,A2,1,ME_TI_LSTM,,0.5082676081511142,0.01792666239029924,189.6,0.780246913580247,243,5,,,,
arm_mean,primary,A2,1,TI_LSTM,,0.520758218394113,0.01826908855692096,172.0,0.7078189300411524,243,5,,,,
arm_mean,primary,A2,3,HYBRID,,0.46617394179894184,0.011411647027628312,92.8,0.38189300411522636,243,5,,,,
arm_mean,primary,A2,3,ME_LSTM,,0.4677640603566529,0.004751854067404338,145.8,0.6,243,5,,,,
arm_mean,primary,A2,3,ME_TI_LSTM,,0.4894709540551717,0.08740713511882886,123.8,0.5094650205761317,243,5,,,,
arm_mean,primary,A2,3,TI_LSTM,,0.48823767383059413,0.03617908423941606,201.2,0.8279835390946502,243,5,,,,
arm_mean,primary,A2,5,HYBRID,,0.44996817368565917,0.024688131535245128,92.2,0.38099173553719007,242,5,,,,
arm_mean,primary,A2,5,ME_LSTM,,0.44214876033057854,0.0,145.2,0.6,242,5,,,,
arm_mean,primary,A2,5,ME_TI_LSTM,,0.44831125047935094,0.02091432736618138,153.6,0.6347107438016529,242,5,,,,
arm_mean,primary,A2,5,TI_LSTM,,0.47067180478814646,0.03881417270149088,200.0,0.8264462809917354,242,5,,,,
arm_mean,primary,A3,1,HYBRID,,0.5012686552196695,0.030839801547435763,102.2,0.4205761316872428,243,5,,,,
arm_mean,primary,A3,1,ME_LSTM,,0.4885495179484619,0.009947984100716,230.2,0.9473251028806585,243,5,,,,
arm_mean,primary,A3,1,ME_TI_LSTM,,0.48506115425520535,0.010092095889338959,201.8,0.8304526748971192,243,5,,,,
arm_mean,primary,A3,1,TI_LSTM,,0.4961047844830901,0.019538486503767768,164.4,0.6765432098765432,243,5,,,,
arm_mean,primary,A3,3,HYBRID,,0.5621444686165499,0.08778486215597842,77.6,0.31934156378600825,243,5,,,,
arm_mean,primary,A3,3,ME_LSTM,,0.4677640603566529,0.004751854067404338,145.8,0.6,243,5,,,,
arm_mean,primary,A3,3,ME_TI_LSTM,,0.474017657351875,0.058365015254193096,128.0,0.5267489711934157,243,5,,,,
arm_mean,primary,A3,3,TI_LSTM,,0.48823767383059413,0.03617908423941606,201.2,0.8279835390946502,243,5,,,,
arm_mean,primary,A3,5,HYBRID,,0.5693277310924371,0.12969180112647608,77.6,0.32066115702479336,242,5,,,,
arm_mean,primary,A3,5,ME_LSTM,,0.44214876033057854,0.0,145.2,0.6,242,5,,,,
arm_mean,primary,A3,5,ME_TI_LSTM,,0.44831125047935094,0.02091432736618138,153.6,0.6347107438016529,242,5,,,,
arm_mean,primary,A3,5,TI_LSTM,,0.47067180478814646,0.03881417270149088,200.0,0.8264462809917354,242,5,,,,
arm_mean,primary,A4,1,HYBRID,,0.5414853958796363,0.017026852097524563,69.6,0.28641975308641976,243,5,,,,
arm_mean,primary,A4,1,ME_LSTM,,0.5048010973936901,0.002375927033702153,145.8,0.6,243,5,,,,
arm_mean,primary,A4,1,ME_TI_LSTM,,0.4714619747127671,0.07329730506475535,140.2,0.5769547325102881,243,5,,,,
arm_mean,primary,A4,1,TI_LSTM,,0.4993259670349815,0.021605163707712274,201.6,0.8296296296296296,243,5,,,,
arm_mean,primary,A4,3,HYBRID,,0.5621444686165499,0.08778486215597842,77.6,0.31934156378600825,243,5,,,,
arm_mean,primary,A4,3,ME_LSTM,,0.4677640603566529,0.004751854067404338,145.8,0.6,243,5,,,,
arm_mean,primary,A4,3,ME_TI_LSTM,,0.45908159033247464,0.03361891592696211,154.2,0.6345679012345679,243,5,,,,
arm_mean,primary,A4,3,TI_LSTM,,0.48823767383059413,0.03617908423941606,201.2,0.8279835390946502,243,5,,,,
arm_mean,primary,A4,5,HYBRID,,0.5693277310924371,0.12969180112647608,77.6,0.32066115702479336,242,5,,,,
arm_mean,primary,A4,5,ME_LSTM,,0.44214876033057854,0.0,145.2,0.6,242,5,,,,
arm_mean,primary,A4,5,ME_TI_LSTM,,0.44831125047935094,0.02091432736618138,153.6,0.6347107438016529,242,5,,,,
arm_mean,primary,A4,5,TI_LSTM,,0.47067180478814646,0.03881417270149088,200.0,0.8264462809917354,242,5,,,,
arm_mean,secondary,A0,1,HYBRID,,0.5369620457404818,0.06111052639838286,158.0,0.10995128740431455,1437,5,,,,
arm_mean,secondary,A0,1,ME_LSTM,,0.5032098144256667,0.022801996866386506,418.0,0.290883785664579,1437,5,,,,
arm_mean,secondary,A0,1,ME_TI_LSTM,,0.48514292951873755,0.055125227576003695,553.2,0.38496868475991647,1437,5,,,,
arm_mean,secondary,A0,1,TI_LSTM,,0.49350463521789123,0.021430517851553484,665.4,0.46304801670146134,1437,5,,,,
arm_mean,secondary,A0,3,HYBRID,,0.4843516869387535,0.04860805264886667,639.2,0.4448155880306193,1437,5,,,,
arm_mean,secondary,A0,3,ME_LSTM,,0.4880211965438274,0.025357209500516825,1046.4,0.7281837160751566,1437,5,,,,
arm_mean,secondary,A0,3,ME_TI_LSTM,,0.4922215572185148,0.03269395184421369,1042.6,0.7255393180236605,1437,5,,,,
arm_mean,secondary,A0,3,TI_LSTM,,0.5085278717220325,0.006215172550858806,1038.6,0.7227557411273486,1437,5,,,,
arm_mean,secondary,A0,5,HYBRID,,0.4706329447881255,0.055765244846679086,738.8,0.5141266527487821,1437,5,,,,
arm_mean,secondary,A0,5,ME_LSTM,,0.49135090556971467,0.03618411224232004,1046.0,0.7279053583855254,1437,5,,,,
arm_mean,secondary,A0,5,ME_TI_LSTM,,0.479282617945813,0.04359185847161309,1026.2,0.7141266527487822,1437,5,,,,
arm_mean,secondary,A0,5,TI_LSTM,,0.4981772113500124,0.009854167301319003,1037.6,0.7220598469032707,1437,5,,,,
arm_mean,secondary,A1,1,HYBRID,,0.4953611711164136,0.028384542472764625,614.0,0.42727905358385526,1437,5,,,,
arm_mean,secondary,A1,1,ME_LSTM,,0.5035205357481355,0.009692542040164022,1046.8,0.7284620737647878,1437,5,,,,
arm_mean,secondary,A1,1,ME_TI_LSTM,,0.49440272347102027,0.015611340143949878,747.6,0.5202505219206681,1437,5,,,,
arm_mean,secondary,A1,1,TI_LSTM,,0.5067196041645532,0.007388292528346443,1040.4,0.724008350730689,1437,5,,,,
arm_mean,secondary,A1,3,HYBRID,,0.4843516869387535,0.04860805264886667,639.2,0.4448155880306193,1437,5,,,,
arm_mean,secondary,A1,3,ME_LSTM,,0.4880211965438274,0.025357209500516825,1046.4,0.7281837160751566,1437,5,,,,
arm_mean,secondary,A1,3,ME_TI_LSTM,,0.48089959377679736,0.030462215837409736,1026.4,0.7142658315935977,1437,5,,,,
arm_mean,secondary,A1,3,TI_LSTM,,0.5085278717220325,0.006215172550858806,1038.6,0.7227557411273486,1437,5,,,,
arm_mean,secondary,A1,5,HYBRID,,0.4706329447881255,0.055765244846679086,738.8,0.5141266527487821,1437,5,,,,
arm_mean,secondary,A1,5,ME_LSTM,,0.49135090556971467,0.03618411224232004,1046.0,0.7279053583855254,1437,5,,,,
arm_mean,secondary,A1,5,ME_TI_LSTM,,0.479282617945813,0.04359185847161309,1026.2,0.7141266527487822,1437,5,,,,
arm_mean,secondary,A1,5,TI_LSTM,,0.4981772113500124,0.009854167301319003,1037.6,0.7220598469032707,1437,5,,,,
arm_mean,secondary,A2,1,HYBRID,,0.4684598691496955,0.06734619040542332,244.8,0.17035490605427975,1437,5,,,,
arm_mean,secondary,A2,1,ME_LSTM,,0.4974993453958677,0.01383058264056567,484.0,0.33681280445372297,1437,5,,,,
arm_mean,secondary,A2,1,ME_TI_LSTM,,0.5190146165013322,0.01785724198176269,348.8,0.2427279053583855,1437,5,,,,
arm_mean,secondary,A2,1,TI_LSTM,,0.505990897799711,0.014849453419073046,770.0,0.535838552540014,1437,5,,,,
arm_mean,secondary,A2,3,HYBRID,,0.4843516869387535,0.04860805264886667,639.2,0.4448155880306193,1437,5,,,,
arm_mean,secondary,A2,3,ME_LSTM,,0.4880211965438274,0.025357209500516825,1046.4,0.7281837160751566,1437,5,,,,
arm_mean,secondary,A2,3,ME_TI_LSTM,,0.492659978635932,0.03316824457599517,1040.2,0.7238691718858734,1437,5,,,,
arm_mean,secondary,A2,3,TI_LSTM,,0.5085278717220325,0.006215172550858806,1038.6,0.7227557411273486,1437,5,,,,
arm_mean,secondary,A2,5,HYBRID,,0.4706329447881255,0.055765244846679086,738.8,0.5141266527487821,1437,5,,,,
arm_mean,secondary,A2,5,ME_LSTM,,0.49135090556971467,0.03618411224232004,1046.0,0.7279053583855254,1437,5,,,,
arm_mean,secondary,A2,5,ME_TI_LSTM,,0.479282617945813,0.04359185847161309,1026.2,0.7141266527487822,1437,5,,,,
arm_mean,secondary,A2,5,TI_LSTM,,0.4981772113500124,0.009854167301319003,1037.6,0.7220598469032707,1437,5,,,,
arm_mean,secondary,A3,1,HYBRID,,0.644489734729189,0.2032491292567641,143.4,0.09979123173277663,1437,5,,,,
arm_mean,secondary,A3,1,ME_LSTM,,0.5032098144256667,0.022801996866386506,418.0,0.290883785664579,1437,5,,,,
arm_mean,secondary,A3,1,ME_TI_LSTM,,0.48514292951873755,0.055125227576003695,553.2,0.38496868475991647,1437,5,,,,
arm_mean,secondary,A3,1,TI_LSTM,,0.49350463521789123,0.021430517851553484,665.4,0.46304801670146134,1437,5,,,,
arm_mean,secondary,A3,3,HYBRID,,0.5063306875162419,0.06827359947162281,342.2,0.23813500347947114,1437,5,,,,
arm_mean,secondary,A3,3,ME_LSTM,,0.4880211965438274,0.025357209500516825,1046.4,0.7281837160751566,1437,5,,,,
arm_mean,secondary,A3,3,ME_TI_LSTM,,0.4922215572185148,0.03269395184421369,1042.6,0.7255393180236605,1437,5,,,,
arm_mean,secondary,A3,3,TI_LSTM,,0.5085278717220325,0.006215172550858806,1038.6,0.7227557411273486,1437,5,,,,
arm_mean,secondary,A3,5,HYBRID,,0.5213533123133248,0.08955704480257144,254.4,0.17703549060542795,1437,5,,,,
arm_mean,secondary,A3,5,ME_LSTM,,0.49135090556971467,0.03618411224232004,1046.0,0.7279053583855254,1437,5,,,,
arm_mean,secondary,A3,5,ME_TI_LSTM,,0.479282617945813,0.04359185847161309,1026.2,0.7141266527487822,1437,5,,,,
arm_mean,secondary,A3,5,TI_LSTM,,0.4981772113500124,0.009854167301319003,1037.6,0.7220598469032707,1437,5,,,,
arm_mean,secondary,A4,1,HYBRID,,0.5034737169197625,0.036497306841328916,439.6,0.30591510090466245,1437,5,,,,
arm_mean,secondary,A4,1,ME_LSTM,,0.5035205357481355,0.009692542040164022,1046.8,0.7284620737647878,1437,5,,,,
arm_mean,secondary,A4,1,ME_TI_LSTM,,0.49724186689029504,0.01833281424274766,834.4,0.5806541405706332,1437,5,,,,
arm_mean,secondary,A4,1,TI_LSTM,,0.5067196041645532,0.007388292528346443,1040.4,0.724008350730689,1437,5,,,,
arm_mean,secondary,A4,3,HYBRID,,0.5063306875162419,0.06827359947162281,342.2,0.23813500347947114,1437,5,,,,
arm_mean,secondary,A4,3,ME_LSTM,,0.4880211965438274,0.025357209500516825,1046.4,0.7281837160751566,1437,5,,,,
arm_mean,secondary,A4,3,ME_TI_LSTM,,0.48089959377679736,0.030462215837409736,1026.4,0.7142658315935977,1437,5,,,,
arm_mean,secondary,A4,3,TI_LSTM,,0.5085278717220325,0.006215172550858806,1038.6,0.7227557411273486,1437,5,,,,
arm_mean,secondary,A4,5,HYBRID,,0.5213533123133248,0.08955704480257144,254.4,0.17703549060542795,1437,5,,,,
arm_mean,secondary,A4,5,ME_LSTM,,0.49135090556971467,0.03618411224232004,1046.0,0.7279053583855254,1437,5,,,,
arm_mean,secondary,A4,5,ME_TI_LSTM,,0.479282617945813,0.04359185847161309,1026.2,0.7141266527487822,1437,5,,,,
arm_mean,secondary,A4,5,TI_LSTM,,0.4981772113500124,0.009854167301319003,1037.6,0.7220598469032707,1437,5,,,,
gap,primary,A1,1,ME_LSTM,A1-A0,,,,,243,5,0.015661219027052364,-0.08916237530179892,0.11893942395721405,no
gap,primary,A2,1,ME_LSTM,A2-A0,,,,,243,5,0.014204603238713476,0.0020031352236709018,0.029868753515055874,yes
gap,primary,A3,1,ME_LSTM,A3-A0,,,,,243,5,0.0,0.0,0.0,no
gap,primary,A4,1,ME_LSTM,A4-A0,,,,,243,5,0.015661219027052364,-0.08916237530179892,0.11893942395721405,no
gap,primary,A1,1,TI_LSTM,A1-A0,,,,,243,5,0.003649635036496235,-0.027560815859101116,0.042249500640928465,no
gap,primary,A2,1,TI_LSTM,A2-A0,,,,,243,5,0.0210914955016126,0.00034547293304162404,0.041431557186366055,yes
gap,primary,A3,1,TI_LSTM,A3-A0,,,,,243,5,0.0,0.0,0.0,no
gap,primary,A4,1,TI_LSTM,A4-A0,,,,,243,5,0.003649635036496235,-0.027560815859101116,0.042249500640928465,no
gap,primary,A1,1,ME_TI_LSTM,A1-A0,,,,,243,5,0.007558674922968467,-0.0438228767102918,0.05738643093775998,no
gap,primary,A2,1,ME_TI_LSTM,A2-A0,,,,,243,5,0.019644925627161247,0.0005651964129107887,0.04037126041114838,yes
gap,primary,A3,1,ME_TI_LSTM,A3-A0,,,,,243,5,0.0,0.0,0.0,no
gap,primary,A4,1,ME_TI_LSTM,A4-A0,,,,,243,5,0.012230863738479036,-0.03395822153874933,0.055476391268150356,no
gap,primary,A1,1,HYBRID,A1-A0,,,,,243,5,0.01244703209701864,-0.07337542892649382,0.10165258091789149,no
gap,primary,A2,1,HYBRID,A2-A0,,,,,243,5,0.015703270214583342,-0.01654320096791322,0.046120175932714426,no
gap,primary,A3,1,HYBRID,A3-A0,,,,,243,5,0.01519347725630421,-0.006263587919863041,0.0405661377377351,no
gap,primary,A4,1,HYBRID,A4-A0,,,,,243,5,0.04765743118931792,-0.04999199793150517,0.1349631228952333,no
gap,primary,A1,3,ME_LSTM,A1-A0,,,,,243,5,0.0,0.0,0.0,no
gap,primary,A2,3,ME_LSTM,A2-A0,,,,,243,5,0.0,0.0,0.0,no
gap,primary,A3,3,ME_LSTM,A3-A0,,,,,243,5,0.0,0.0,0.0,no
gap,primary,A4,3,ME_LSTM,A4-A0,,,,,243,5,0.0,0.0,0.0,no
gap,primary,A1,3,TI_LSTM,A1-A0,,,,,243,5,0.0,0.0,0.0,no
gap,primary,A2,3,TI_LSTM,A2-A0,,,,,243,5,0.0,0.0,0.0,no
gap,primary,A3,3,TI_LSTM,A3-A0,,,,,243,5,0.0,0.0,0.0,no
gap,primary,A4,3,TI_LSTM,A4-A0,,,,,243,5,0.0,0.0,0.0,no
gap,primary,A1,3,ME_TI_LSTM,A1-A0,,,,,243,5,-0.0057453793774318584,-0.038986248089762136,0.03169787060072394,no
gap,primary,A2,3,ME_TI_LSTM,A2-A0,,,,,243,5,0.006474656704361814,-0.007404253392660672,0.019856999306475217,no
gap,primary,A3,3,ME_TI_LSTM,A3-A0,,,,,243,5,0.0,0.0,0.0,no
gap,primary,A4,3,ME_TI_LSTM,A4-A0,,,,,243,5,-0.0057453793774318584,-0.038986248089762136,0.03169787060072394,no
gap,primary,A1,3,HYBRID,A1-A0,,,,,243,5,0.0,0.0,0.0,no
gap,primary,A2,3,HYBRID,A2-A0,,,,,243,5,0.0,0.0,0.0,no
gap,primary,A3,3,HYBRID,A3-A0,,,,,243,5,0.061100248844649985,0.017020659524616195,0.10572552183341362,yes
gap,primary,A4,3,HYBRID,A4-A0,,,,,243,5,0.061100248844649985,0.017020659524616195,0.10572552183341362,yes
gap,primary,A1,5,ME_LSTM,A1-A0,,,,,242,5,0.0,0.0,0.0,no
gap,primary,A2,5,ME_LSTM,A2-A0,,,,,242,5,0.0,0.0,0.0,no
gap,primary,A3,5,ME_LSTM,A3-A0,,,,,242,5,0.0,0.0,0.0,no
gap,primary,A4,5,ME_LSTM,A4-A0,,,,,242,5,0.0,0.0,0.0,no
gap,primary,A1,5,TI_LSTM,A1-A0,,,,,242,5,0.0,0.0,0.0,no
gap,primary,A2,5,TI_LSTM,A2-A0,,,,,242,5,0.0,0.0,0.0,no
gap,primary,A3,5,TI_LSTM,A3-A0,,,,,242,5,0.0,0.0,0.0,no
gap,primary,A4,5,TI_LSTM,A4-A0,,,,,242,5,0.0,0.0,0.0,no
gap,primary,A1,5,ME_TI_LSTM,A1-A0,,,,,242,5,0.0,0.0,0.0,no
gap,primary,A2,5,ME_TI_LSTM,A2-A0,,,,,242,5,0.0,0.0,0.0,no
gap,primary,A3,5,ME_TI_LSTM,A3-A0,,,,,242,5,0.0,0.0,0.0,no
gap,primary,A4,5,ME_TI_LSTM,A4-A0,,,,,242,5,0.0,0.0,0.0,no
gap,primary,A1,5,HYBRID,A1-A0,,,,,242,5,0.0,0.0,0.0,no
gap,primary,A2,5,HYBRID,A2-A0,,,,,242,5,0.0,0.0,0.0,no
gap,primary,A3,5,HYBRID,A3-A0,,,,,242,5,0.06549522552944081,0.012177875674110415,0.1115390269248071,yes
gap,primary,A4,5,HYBRID,A4-A0,,,,,242,5,0.06549522552944081,0.012177875674110415,0.1115390269248071,yes
gap,secondary,A1,1,ME_LSTM,A1-A0,,,,,1437,5,0.007645629514784924,-0.00883629814609035,0.024161910824756022,no
gap,secondary,A2,1,ME_LSTM,A2-A0,,,,,1437,5,0.0035667681600696777,-0.017479271674193313,0.026192797117878915,no
gap,secondary,A3,1,ME_LSTM,A3-A0,,,,,1437,5,0.0,0.0,0.0,no
gap,secondary,A4,1,ME_LSTM,A4-A0,,,,,1437,5,0.007645629514784924,-0.00883629814609035,0.024161910824756022,no
gap,secondary,A1,1,TI_LSTM,A1-A0,,,,,1437,5,0.008765789948999791,-0.009174190516712722,0.02701004218776524,no
gap,secondary,A2,1,TI_LSTM,A2-A0,,,,,1437,5,0.008406387721085706,-0.006724214253704036,0.02359134229724205,no
gap,secondary,A3,1,TI_LSTM,A3-A0,,,,,1437,5,0.0,0.0,0.0,no
gap,secondary,A4,1,TI_LSTM,A4-A0,,,,,1437,5,0.008765789948999791,-0.009174190516712722,0.02701004218776524,no
gap,secondary,A1,1,ME_TI_LSTM,A1-A0,,,,,1437,5,-0.00903077846215622,-0.027005117169234868,0.00983417284991452,no
gap,secondary,A2,1,ME_TI_LSTM,A2-A0,,,,,1437,5,0.013100592383264664,-0.00673606103461879,0.03318237938986015,no
gap,secondary,A3,1,ME_TI_LSTM,A3-A0,,,,,1437,5,0.0,0.0,0.0,no
gap,secondary,A4,1,ME_TI_LSTM,A4-A0,,,,,1437,5,-0.005882448773595783,-0.024640294428409055,0.012702017951975933,no
gap,secondary,A1,1,HYBRID,A1-A0,,,,,1437,5,-0.014464189997113852,-0.048533257026170194,0.01774290128216708,no
gap,secondary,A2,1,HYBRID,A2-A0,,,,,1437,5,-0.020172499379498776,-0.05347676244893225,0.011357013231334307,no
gap,secondary,A3,1,HYBRID,A3-A0,,,,,1437,5,0.019238034708613516,-9.458384947431387e-05,0.039261644588074254,no
gap,secondary,A4,1,HYBRID,A4-A0,,,,,1437,5,-0.014081846557860489,-0.04942053497285277,0.02065415752791653,no
gap,secondary,A1,3,ME_LSTM,A1-A0,,,,,1437,5,0.0,0.0,0.0,no
gap,secondary,A2,3,ME_LSTM,A2-A0,,,,,1437,5,0.0,0.0,0.0,no
gap,secondary,A3,3,ME_LSTM,A3-A0,,,,,1437,5,0.0,0.0,0.0,no
gap,secondary,A4,3,ME_LSTM,A4-A0,,,,,1437,5,0.0,0.0,0.0,no
gap,secondary,A1,3,TI_LSTM,A1-A0,,,,,1437,5,0.0,0.0,0.0,no
gap,secondary,A2,3,TI_LSTM,A2-A0,,,,,1437,5,0.0,0.0,0.0,no
gap,secondary,A3,3,TI_LSTM,A3-A0,,,,,1437,5,0.0,0.0,0.0,no
gap,secondary,A4,3,TI_LSTM,A4-A0,,,,,1437,5,0.0,0.0,0.0,no
gap,secondary,A1,3,ME_TI_LSTM,A1-A0,,,,,1437,5,-0.010849315646072832,-0.021324787569288236,0.0003077194825061269,no
gap,secondary,A2,3,ME_TI_LSTM,A2-A0,,,,,1437,5,0.00037945158991808947,-0.00290531250299364,0.0037803881181353053,no
gap,secondary,A3,3,ME_TI_LSTM,A3-A0,,,,,1437,5,0.0,0.0,0.0,no
gap,secondary,A4,3,ME_TI_LSTM,A4-A0,,,,,1437,5,-0.010849315646072832,-0.021324787569288236,0.0003077194825061269,no
gap,secondary,A1,3,HYBRID,A1-A0,,,,,1437,5,0.0,0.0,0.0,no
gap,secondary,A2,3,HYBRID,A2-A0,,,,,1437,5,0.0,0.0,0.0,no
gap,secondary,A3,3,HYBRID,A3-A0,,,,,1437,5,0.009011849265117167,-0.013769827181366344,0.03143825033886657,no
gap,secondary,A4,3,HYBRID,A4-A0,,,,,1437,5,0.009011849265117167,-0.013769827181366344,0.03143825033886657,no
gap,secondary,A1,5,ME_LSTM,A1-A0,,,,,1437,5,0.0,0.0,0.0,no
gap,secondary,A2,5,ME_LSTM,A2-A0,,,,,1437,5,0.0,0.0,0.0,no
gap,secondary,A3,5,ME_LSTM,A3-A0,,,,,1437,5,0.0,0.0,0.0,no
gap,secondary,A4,5,ME_LSTM,A4-A0,,,,,1437,5,0.0,0.0,0.0,no
gap,secondary,A1,5,TI_LSTM,A1-A0,,,,,1437,5,0.0,0.0,0.0,no
gap,secondary,A2,5,TI_LSTM,A2-A0,,,,,1437,5,0.0,0.0,0.0,no
gap,secondary,A3,5,TI_LSTM,A3-A0,,,,,1437,5,0.0,0.0,0.0,no
gap,secondary,A4,5,TI_LSTM,A4-A0,,,,,1437,5,0.0,0.0,0.0,no
gap,secondary,A1,5,ME_TI_LSTM,A1-A0,,,,,1437,5,0.0,0.0,0.0,no
gap,secondary,A2,5,ME_TI_LSTM,A2-A0,,,,,1437,5,0.0,0.0,0.0,no
gap,secondary,A3,5,ME_TI_LSTM,A3-A0,,,,,1437,5,0.0,0.0,0.0,no
gap,secondary,A4,5,ME_TI_LSTM,A4-A0,,,,,1437,5,0.0,0.0,0.0,no
gap,secondary,A1,5,HYBRID,A1-A0,,,,,1437,5,0.0,0.0,0.0,no
gap,secondary,A2,5,HYBRID,A2-A0,,,,,1437,5,0.0,0.0,0.0,no
gap,secondary,A3,5,HYBRID,A3-A0,,,,,1437,5,0.032403387441133524,-0.007921670982125078,0.07630880491511396,no
gap,secondary,A4,5,HYBRID,A4-A0,,,,,1437,5,0.032403387441133524,-0.007921670982125078,0.07630880491511396,no
