report_date_as_yyyy_mm_dd,cot_eur_net,cot_usdindex_net,created_at
2006-06-13 00:00:00+00:00,42322,-5887,2022-09-13 14:16:09.004000+00:00
2006-06-20 00:00:00+00:00,24819,-4444,2022-09-13 14:16:09.004000+00:00
2006-06-27 00:00:00+00:00,39781,-799,2022-09-13 14:16:09.004000+00:00
2006-07-03 00:00:00+00:00,52894,1697,2022-09-13 14:16:09.004000+00:00
2006-07-11 00:00:00+00:00,58436,1759,2022-09-13 14:16:09.004000+00:00
2006-07-18 00:00:00+00:00,39362,3653,2022-09-13 14:16:09.004000+00:00
2006-07-25 00:00:00+00:00,32364,5300,2022-09-13 14:16:09.004000+00:00
2006-08-01 00:00:00+00:00,51021,4943,2022-09-13 14:16:09.004000+00:00
2006-08-08 00:00:00+00:00,67450,4182,2022-09-13 14:16:09.004000+00:00
2006-08-15 00:00:00+00:00,66575,3701,2022-09-13 14:16:09.004000+00:00
2006-08-22 00:00:00+00:00,61363,2638,2022-09-13 14:16:09.004000+00:00
2006-08-29 00:00:00+00:00,55542,2598,2022-09-13 14:16:09.004000+00:00
2006-09-05 00:00:00+00:00,50105,1737,2022-09-13 14:16:09.004000+00:00
2006-09-12 00:00:00+00:00,50531,2933,2022-09-13 14:16:09.004000+00:00
2006-09-19 00:00:00+00:00,33403,-830,2022-09-13 14:16:09.004000+00:00
2006-09-26 00:00:00+00:00,31440,-996,2022-09-13 14:16:09.004000+00:00
2006-10-03 00:00:00+00:00,37530,4397,2022-09-13 14:16:09.004000+00:00
2006-10-10 00:00:00+00:00,13093,7545,2022-09-13 14:16:09.004000+00:00
2006-10-17 00:00:00+00:00,6833,10374,2022-09-13 14:16:09.004000+00:00
2006-10-24 00:00:00+00:00,3849,10995,2022-09-13 14:16:09.004000+00:00
2006-10-31 00:00:00+00:00,41135,9261,2022-09-13 14:16:09.004000+00:00
2006-11-07 00:00:00+00:00,54880,8349,2022-09-13 14:16:09.004000+00:00
2006-11-14 00:00:00+00:00,47370,6626,2022-09-13 14:16:09.004000+00:00
2006-11-21 00:00:00+00:00,49428,6656,2022-09-13 14:16:09.004000+00:00
2006-11-28 00:00:00+00:00,60528,1838,2022-09-13 14:16:09.004000+00:00
2006-12-05 00:00:00+00:00,67218,-8122,2022-09-13 14:16:09.004000+00:00
2006-12-12 00:00:00+00:00,74890,-4744,2022-09-13 14:16:09.004000+00:00
2006-12-19 00:00:00+00:00,70000,-2566,2022-09-13 14:16:09.004000+00:00
2006-12-26 00:00:00+00:00,59960,-2338,2022-09-13 14:16:09.004000+00:00
2007-01-03 00:00:00+00:00,52819,-941,2022-09-13 14:16:09.004000+00:00
2007-01-09 00:00:00+00:00,47594,1174,2022-09-13 14:16:09.004000+00:00
2007-01-16 00:00:00+00:00,24472,4082,2022-09-13 14:16:09.004000+00:00
2007-01-23 00:00:00+00:00,30379,4234,2022-09-13 14:16:09.004000+00:00
2007-01-30 00:00:00+00:00,32953,7644,2022-09-13 14:16:09.004000+00:00
2007-02-06 00:00:00+00:00,17916,7107,2022-09-13 14:16:09.004000+00:00
2007-02-13 00:00:00+00:00,49674,7741,2022-09-13 14:16:09.004000+00:00
2007-02-20 00:00:00+00:00,63501,2376,2022-09-13 14:16:09.004000+00:00
2007-02-27 00:00:00+00:00,69736,98,2022-09-13 14:16:09.004000+00:00
2007-03-06 00:00:00+00:00,55839,-793,2022-09-13 14:16:09.004000+00:00
2007-03-13 00:00:00+00:00,63654,-738,2022-09-13 14:16:09.004000+00:00
2007-03-20 00:00:00+00:00,65637,-4175,2022-09-13 14:16:09.004000+00:00
2007-03-27 00:00:00+00:00,68806,-4705,2022-09-13 14:16:09.004000+00:00
2007-04-03 00:00:00+00:00,75887,-5190,2022-09-13 14:16:09.004000+00:00
2007-04-10 00:00:00+00:00,84626,-5357,2022-09-13 14:16:09.004000+00:00
2007-04-17 00:00:00+00:00,81029,-6101,2022-09-13 14:16:09.004000+00:00
2007-04-24 00:00:00+00:00,85437,-10248,2022-09-13 14:16:09.004000+00:00
2007-05-01 00:00:00+00:00,85745,-13056,2022-09-13 14:16:09.004000+00:00
2007-05-08 00:00:00+00:00,79941,-13214,2022-09-13 14:16:09.004000+00:00
2007-05-15 00:00:00+00:00,93501,-14051,2022-09-13 14:16:09.004000+00:00
2007-05-22 00:00:00+00:00,68788,-12834,2022-09-13 14:16:09.004000+00:00
2007-05-29 00:00:00+00:00,69335,-12806,2022-09-13 14:16:09.004000+00:00
2007-06-05 00:00:00+00:00,61711,-10482,2022-09-13 14:16:09.004000+00:00
2007-06-12 00:00:00+00:00,20594,-9693,2022-09-13 14:16:09.004000+00:00
2007-06-19 00:00:00+00:00,20195,158,2022-09-13 14:16:09.004000+00:00
2007-06-26 00:00:00+00:00,36481,-1153,2022-09-13 14:16:09.004000+00:00
2007-07-03 00:00:00+00:00,50375,-6647,2022-09-13 14:16:09.004000+00:00
2007-07-10 00:00:00+00:00,75365,-10059,2022-09-13 14:16:09.004000+00:00
2007-07-17 00:00:00+00:00,80781,-16083,2022-09-13 14:16:09.004000+00:00
2007-07-24 00:00:00+00:00,84881,-20099,2022-09-13 14:16:09.004000+00:00
2007-07-31 00:00:00+00:00,60267,-21638,2022-09-13 14:16:09.004000+00:00
2007-08-07 00:00:00+00:00,61196,-18880,2022-09-13 14:16:09.004000+00:00
2007-08-14 00:00:00+00:00,48655,-17773,2022-09-13 14:16:09.004000+00:00
2007-08-21 00:00:00+00:00,22997,-11396,2022-09-13 14:16:09.004000+00:00
2007-08-28 00:00:00+00:00,24688,-12072,2022-09-13 14:16:09.004000+00:00
2007-09-04 00:00:00+00:00,30475,-12417,2022-09-13 14:16:09.004000+00:00
2007-09-11 00:00:00+00:00,41145,-15691,2022-09-13 14:16:09.004000+00:00
2007-09-18 00:00:00+00:00,81693,-21186,2022-09-13 14:16:09.004000+00:00
2007-09-25 00:00:00+00:00,65555,-23952,2022-09-13 14:16:09.004000+00:00
2007-10-02 00:00:00+00:00,81301,-24359,2022-09-13 14:16:09.004000+00:00
2007-10-09 00:00:00+00:00,71397,-25139,2022-09-13 14:16:09.004000+00:00
2007-10-16 00:00:00+00:00,63776,-25200,2022-09-13 14:16:09.004000+00:00
2007-10-23 00:00:00+00:00,48528,-24600,2022-09-13 14:16:09.004000+00:00
2007-10-30 00:00:00+00:00,47548,-24440,2022-09-13 14:16:09.004000+00:00
2007-11-06 00:00:00+00:00,52872,-25415,2022-09-13 14:16:09.004000+00:00
2007-11-13 00:00:00+00:00,37505,-25626,2022-09-13 14:16:09.004000+00:00
2007-11-20 00:00:00+00:00,37404,-25790,2022-09-13 14:16:09.004000+00:00
2007-11-27 00:00:00+00:00,45059,-25167,2022-09-13 14:16:09.004000+00:00
2007-12-04 00:00:00+00:00,50012,-24960,2022-09-13 14:16:09.004000+00:00
2007-12-11 00:00:00+00:00,39772,-24088,2022-09-13 14:16:09.004000+00:00
2007-12-18 00:00:00+00:00,20359,2420,2022-09-13 14:16:09.004000+00:00
2007-12-24 00:00:00+00:00,13924,4100,2022-09-13 14:16:09.004000+00:00
2007-12-31 00:00:00+00:00,10035,4178,2022-09-13 14:16:09.004000+00:00
2008-01-08 00:00:00+00:00,21661,1851,2022-09-13 14:16:09.004000+00:00
2008-01-15 00:00:00+00:00,18058,1288,2022-09-13 14:16:09.004000+00:00
2008-01-22 00:00:00+00:00,1454,-2024,2022-09-13 14:16:09.004000+00:00
2008-01-29 00:00:00+00:00,4115,-3413,2022-09-13 14:16:09.004000+00:00
2008-02-05 00:00:00+00:00,3629,-7830,2022-09-13 14:16:09.004000+00:00
2008-02-12 00:00:00+00:00,-9852,-3854,2022-09-13 14:16:09.004000+00:00
2008-02-19 00:00:00+00:00,-1934,-6370,2022-09-13 14:16:09.004000+00:00
2008-02-26 00:00:00+00:00,16198,-7555,2022-09-13 14:16:09.004000+00:00
2008-03-04 00:00:00+00:00,7426,-7445,2022-09-13 14:16:09.004000+00:00
2008-03-11 00:00:00+00:00,859,-12125,2022-09-13 14:16:09.004000+00:00
2008-03-18 00:00:00+00:00,-2861,-14807,2022-09-13 14:16:09.004000+00:00
2008-03-25 00:00:00+00:00,22767,-10491,2022-09-13 14:16:09.004000+00:00
2008-04-01 00:00:00+00:00,15696,-10547,2022-09-13 14:16:09.004000+00:00
2008-04-08 00:00:00+00:00,21884,-8992,2022-09-13 14:16:09.004000+00:00
2008-04-15 00:00:00+00:00,17022,-7855,2022-09-13 14:16:09.004000+00:00
2008-04-22 00:00:00+00:00,19904,-11940,2022-09-13 14:16:09.004000+00:00
2008-04-29 00:00:00+00:00,-17609,-8767,2022-09-13 14:16:09.004000+00:00
2008-05-06 00:00:00+00:00,-13893,-6980,2022-09-13 14:16:09.004000+00:00
2008-05-13 00:00:00+00:00,-10529,-5872,2022-09-13 14:16:09.004000+00:00
2008-05-20 00:00:00+00:00,4539,-5763,2022-09-13 14:16:09.004000+00:00
2008-05-27 00:00:00+00:00,-498,-4912,2022-09-13 14:16:09.004000+00:00
2008-06-03 00:00:00+00:00,-12481,-5375,2022-09-13 14:16:09.004000+00:00
2008-06-10 00:00:00+00:00,-5009,-3818,2022-09-13 14:16:09.004000+00:00
2008-06-17 00:00:00+00:00,750,769,2022-09-13 14:16:09.004000+00:00
2008-06-24 00:00:00+00:00,9887,1952,2022-09-13 14:16:09.004000+00:00
2008-07-01 00:00:00+00:00,40141,2315,2022-09-13 14:16:09.004000+00:00
2008-07-08 00:00:00+00:00,35339,-839,2022-09-13 14:16:09.004000+00:00
2008-07-15 00:00:00+00:00,38763,-1836,2022-09-13 14:16:09.004000+00:00
2008-07-22 00:00:00+00:00,25973,-867,2022-09-13 14:16:09.004000+00:00
2008-07-29 00:00:00+00:00,-4839,4200,2022-09-13 14:16:09.004000+00:00
2008-08-05 00:00:00+00:00,-2876,5742,2022-09-13 14:16:09.004000+00:00
2008-08-12 00:00:00+00:00,-5117,5021,2022-09-13 14:16:09.004000+00:00
2008-08-19 00:00:00+00:00,-3286,12658,2022-09-13 14:16:09.004000+00:00
2008-08-26 00:00:00+00:00,-15139,17363,2022-09-13 14:16:09.004000+00:00
2008-09-02 00:00:00+00:00,-24308,17164,2022-09-13 14:16:09.004000+00:00
2008-09-09 00:00:00+00:00,-16306,22450,2022-09-13 14:16:09.004000+00:00
2008-09-16 00:00:00+00:00,-35724,29471,2022-09-13 14:16:09.004000+00:00
2008-09-23 00:00:00+00:00,-20209,23013,2022-09-13 14:16:09.004000+00:00
2008-09-30 00:00:00+00:00,-18905,18834,2022-09-13 14:16:09.004000+00:00
2008-10-07 00:00:00+00:00,-6340,16638,2022-09-13 14:16:09.004000+00:00
2008-10-14 00:00:00+00:00,-12097,17958,2022-09-13 14:16:09.004000+00:00
2008-10-21 00:00:00+00:00,-10052,18181,2022-09-13 14:16:09.004000+00:00
2008-10-28 00:00:00+00:00,-3162,12394,2022-09-13 14:16:09.004000+00:00
2008-11-04 00:00:00+00:00,-1146,11573,2022-09-13 14:16:09.004000+00:00
2008-11-11 00:00:00+00:00,-6418,11043,2022-09-13 14:16:09.004000+00:00
2008-11-18 00:00:00+00:00,-7094,10792,2022-09-13 14:16:09.004000+00:00
2008-11-25 00:00:00+00:00,2764,13810,2022-09-13 14:16:09.004000+00:00
2008-12-02 00:00:00+00:00,4195,12196,2022-09-13 14:16:09.004000+00:00
2008-12-09 00:00:00+00:00,4966,14376,2022-09-13 14:16:09.004000+00:00
2008-12-16 00:00:00+00:00,-2989,4384,2022-09-13 14:16:09.004000+00:00
2008-12-22 00:00:00+00:00,647,3827,2022-09-13 14:16:09.004000+00:00
2008-12-30 00:00:00+00:00,1798,4368,2022-09-13 14:16:09.004000+00:00
2009-01-06 00:00:00+00:00,319,5204,2022-09-13 14:16:09.004000+00:00
2009-01-13 00:00:00+00:00,-5992,5406,2022-09-13 14:16:09.004000+00:00
2009-01-20 00:00:00+00:00,-4989,5365,2022-09-13 14:16:09.004000+00:00
2009-01-27 00:00:00+00:00,225,8143,2022-09-13 14:16:09.004000+00:00
2009-02-03 00:00:00+00:00,-4700,9343,2022-09-13 14:16:09.004000+00:00
2009-02-10 00:00:00+00:00,-4162,8854,2022-09-13 14:16:09.004000+00:00
2009-02-17 00:00:00+00:00,-18149,11341,2022-09-13 14:16:09.004000+00:00
2009-02-24 00:00:00+00:00,-15969,11999,2022-09-13 14:16:09.004000+00:00
2009-03-03 00:00:00+00:00,-25750,11650,2022-09-13 14:16:09.004000+00:00
2009-03-10 00:00:00+00:00,-15495,15020,2022-09-13 14:16:09.004000+00:00
2009-03-17 00:00:00+00:00,-6849,11862,2022-09-13 14:16:09.004000+00:00
2009-03-24 00:00:00+00:00,643,6152,2022-09-13 14:16:09.004000+00:00
2009-03-31 00:00:00+00:00,86,6822,2022-09-13 14:16:09.004000+00:00
2009-04-07 00:00:00+00:00,4841,9475,2022-09-13 14:16:09.004000+00:00
2009-04-14 00:00:00+00:00,949,10868,2022-09-13 14:16:09.004000+00:00
2009-04-21 00:00:00+00:00,-6874,8138,2022-09-13 14:16:09.004000+00:00
2009-04-28 00:00:00+00:00,-10362,8532,2022-09-13 14:16:09.004000+00:00
2009-05-05 00:00:00+00:00,-4466,7224,2022-09-13 14:16:09.004000+00:00
2009-05-12 00:00:00+00:00,1974,6736,2022-09-13 14:16:09.004000+00:00
2009-05-19 00:00:00+00:00,7207,5147,2022-09-13 14:16:09.004000+00:00
2009-05-26 00:00:00+00:00,10424,1740,2022-09-13 14:16:09.004000+00:00
2009-06-02 00:00:00+00:00,8951,-1194,2022-09-13 14:16:09.004000+00:00
2009-06-09 00:00:00+00:00,8217,-3883,2022-09-13 14:16:09.004000+00:00
2009-06-16 00:00:00+00:00,6513,-6487,2022-09-13 14:16:09.004000+00:00
2009-06-23 00:00:00+00:00,13270,-5922,2022-09-13 14:16:09.004000+00:00
2009-06-30 00:00:00+00:00,9709,-6151,2022-09-13 14:16:09.004000+00:00
2009-07-07 00:00:00+00:00,1804,-5865,2022-09-13 14:16:09.004000+00:00
2009-07-14 00:00:00+00:00,9067,-5036,2022-09-13 14:16:09.004000+00:00
2009-07-21 00:00:00+00:00,30369,-7729,2022-09-13 14:16:09.004000+00:00
2009-07-28 00:00:00+00:00,21094,-6553,2022-09-13 14:16:09.004000+00:00
2009-08-04 00:00:00+00:00,27415,-10015,2022-09-13 14:16:09.004000+00:00
2009-08-11 00:00:00+00:00,14728,-10218,2022-09-13 14:16:09.004000+00:00
2009-08-18 00:00:00+00:00,-4298,-11436,2022-09-13 14:16:09.004000+00:00
2009-08-25 00:00:00+00:00,10273,-12915,2022-09-13 14:16:09.004000+00:00
2009-09-01 00:00:00+00:00,6943,-13659,2022-09-13 14:16:09.004000+00:00
2009-09-08 00:00:00+00:00,16506,-12718,2022-09-13 14:16:09.004000+00:00
2009-09-15 00:00:00+00:00,42580,-10133,2022-09-13 14:16:09.004000+00:00
2009-09-22 00:00:00+00:00,41666,-11377,2022-09-13 14:16:09.004000+00:00
2009-09-29 00:00:00+00:00,37164,-11621,2022-09-13 14:16:09.004000+00:00
2009-10-06 00:00:00+00:00,50083,-12060,2022-09-13 14:16:09.004000+00:00
2009-10-13 00:00:00+00:00,44706,-11689,2022-09-13 14:16:09.004000+00:00
2009-10-20 00:00:00+00:00,37082,-11259,2022-09-13 14:16:09.004000+00:00
2009-10-27 00:00:00+00:00,26905,-11912,2022-09-13 14:16:09.004000+00:00
2009-11-03 00:00:00+00:00,19670,-13251,2022-09-13 14:16:09.004000+00:00
2009-11-09 00:00:00+00:00,23896,-13530,2022-09-13 14:16:09.004000+00:00
2009-11-17 00:00:00+00:00,11854,-15551,2022-09-13 14:16:09.004000+00:00
2009-11-24 00:00:00+00:00,23126,-14424,2022-09-13 14:16:09.004000+00:00
2009-12-01 00:00:00+00:00,25292,-13992,2022-09-13 14:16:09.004000+00:00
2009-12-08 00:00:00+00:00,-2224,-12298,2022-09-13 14:16:09.004000+00:00
2009-12-15 00:00:00+00:00,-20700,-9004,2022-09-13 14:16:09.004000+00:00
2009-12-22 00:00:00+00:00,-24988,-20951,2022-09-13 14:16:09.004000+00:00
2009-12-29 00:00:00+00:00,-43311,-17502,2022-09-13 14:16:09.004000+00:00
2010-01-05 00:00:00+00:00,-42101,-16168,2022-09-13 14:16:09.004000+00:00
2010-01-12 00:00:00+00:00,-20156,-9382,2022-09-13 14:16:09.004000+00:00
2010-01-19 00:00:00+00:00,-33854,-7332,2022-09-13 14:16:09.004000+00:00
2010-01-26 00:00:00+00:00,-43603,-2782,2022-09-13 14:16:09.004000+00:00
2010-02-02 00:00:00+00:00,-50120,-459,2022-09-13 14:16:09.004000+00:00
2010-02-09 00:00:00+00:00,-57066,6770,2022-09-13 14:16:09.004000+00:00
2010-02-16 00:00:00+00:00,-51892,7326,2022-09-13 14:16:09.004000+00:00
2010-02-23 00:00:00+00:00,-63469,8893,2022-09-13 14:16:09.004000+00:00
2010-03-02 00:00:00+00:00,-60966,8713,2022-09-13 14:16:09.004000+00:00
2010-03-09 00:00:00+00:00,-74654,11241,2022-09-13 14:16:09.004000+00:00
2010-03-16 00:00:00+00:00,-60708,6871,2022-09-13 14:16:09.004000+00:00
2010-03-23 00:00:00+00:00,-83218,11665,2022-09-13 14:16:09.004000+00:00
2010-03-30 00:00:00+00:00,-107509,11490,2022-09-13 14:16:09.004000+00:00
2010-04-06 00:00:00+00:00,-82684,10284,2022-09-13 14:16:09.004000+00:00
2010-04-13 00:00:00+00:00,-68914,9582,2022-09-13 14:16:09.004000+00:00
2010-04-20 00:00:00+00:00,-72062,12770,2022-09-13 14:16:09.004000+00:00
2010-04-27 00:00:00+00:00,-91362,10990,2022-09-13 14:16:09.004000+00:00
2010-05-04 00:00:00+00:00,-109271,12378,2022-09-13 14:16:09.004000+00:00
2010-05-11 00:00:00+00:00,-122623,3676,2022-09-13 14:16:09.004000+00:00
2010-05-18 00:00:00+00:00,-116264,-2153,2022-09-13 14:16:09.004000+00:00
2010-05-25 00:00:00+00:00,-120642,-3003,2022-09-13 14:16:09.004000+00:00
2010-06-01 00:00:00+00:00,-109960,-4083,2022-09-13 14:16:09.004000+00:00
2010-06-08 00:00:00+00:00,-113948,-5125,2022-09-13 14:16:09.004000+00:00
2010-06-15 00:00:00+00:00,-79312,4940,2022-09-13 14:16:09.004000+00:00
2010-06-22 00:00:00+00:00,-86431,2239,2022-09-13 14:16:09.004000+00:00
2010-06-29 00:00:00+00:00,-86393,1071,2022-09-13 14:16:09.004000+00:00
2010-07-06 00:00:00+00:00,-49381,3094,2022-09-13 14:16:09.004000+00:00
2010-07-13 00:00:00+00:00,-42650,2930,2022-09-13 14:16:09.004000+00:00
2010-07-20 00:00:00+00:00,-40751,3128,2022-09-13 14:16:09.004000+00:00
2010-07-27 00:00:00+00:00,-33866,3338,2022-09-13 14:16:09.004000+00:00
2010-08-03 00:00:00+00:00,-25103,3902,2022-09-13 14:16:09.004000+00:00
2010-08-10 00:00:00+00:00,-15828,4488,2022-09-13 14:16:09.004000+00:00
2010-08-17 00:00:00+00:00,-28678,3357,2022-09-13 14:16:09.004000+00:00
2010-08-24 00:00:00+00:00,-36642,633,2022-09-13 14:16:09.004000+00:00
2010-08-31 00:00:00+00:00,-32160,-1396,2022-09-13 14:16:09.004000+00:00
2010-09-07 00:00:00+00:00,-41129,-311,2022-09-13 14:16:09.004000+00:00
2010-09-14 00:00:00+00:00,-27796,-5015,2022-09-13 14:16:09.004000+00:00
2010-09-21 00:00:00+00:00,-15675,-6236,2022-09-13 14:16:09.004000+00:00
2010-09-28 00:00:00+00:00,12379,-5061,2022-09-13 14:16:09.004000+00:00
2010-10-05 00:00:00+00:00,23889,-5813,2022-09-13 14:16:09.004000+00:00
2010-10-12 00:00:00+00:00,17557,-9681,2022-09-13 14:16:09.004000+00:00
2010-10-19 00:00:00+00:00,26352,-13574,2022-09-13 14:16:09.004000+00:00
2010-10-26 00:00:00+00:00,18390,-15211,2022-09-13 14:16:09.004000+00:00
2010-11-02 00:00:00+00:00,11816,-15320,2022-09-13 14:16:09.004000+00:00
2010-11-09 00:00:00+00:00,-4964,-11038,2022-09-13 14:16:09.004000+00:00
2010-11-16 00:00:00+00:00,-10422,-10711,2022-09-13 14:16:09.004000+00:00
2010-11-23 00:00:00+00:00,-26785,-11381,2022-09-13 14:16:09.004000+00:00
2010-11-30 00:00:00+00:00,-18545,-12132,2022-09-13 14:16:09.004000+00:00
2010-12-07 00:00:00+00:00,-32413,-10004,2022-09-13 14:16:09.004000+00:00
2010-12-14 00:00:00+00:00,-29691,-9167,2022-09-13 14:16:09.004000+00:00
2010-12-21 00:00:00+00:00,-30011,-10867,2022-09-13 14:16:09.004000+00:00
2010-12-28 00:00:00+00:00,-45836,-10048,2022-09-13 14:16:09.004000+00:00
2011-01-04 00:00:00+00:00,-36194,-10670,2022-09-13 14:16:09.004000+00:00
2011-01-11 00:00:00+00:00,-51196,-2734,2022-09-13 14:16:09.004000+00:00
2011-01-18 00:00:00+00:00,-17041,-1426,2022-09-13 14:16:09.004000+00:00
2011-01-25 00:00:00+00:00,5744,-5186,2022-09-13 14:16:09.004000+00:00
2011-02-01 00:00:00+00:00,27968,-8749,2022-09-13 14:16:09.004000+00:00
2011-02-08 00:00:00+00:00,20305,-11776,2022-09-13 14:16:09.004000+00:00
2011-02-15 00:00:00+00:00,14401,-11969,2022-09-13 14:16:09.004000+00:00
2011-02-22 00:00:00+00:00,16968,-13844,2022-09-13 14:16:09.004000+00:00
2011-03-01 00:00:00+00:00,26979,-11497,2022-09-13 14:16:09.004000+00:00
2011-03-08 00:00:00+00:00,28959,-11268,2022-09-13 14:16:09.004000+00:00
2011-03-15 00:00:00+00:00,25688,-24686,2022-09-13 14:16:09.004000+00:00
2011-03-22 00:00:00+00:00,32488,-21458,2022-09-13 14:16:09.004000+00:00
2011-03-29 00:00:00+00:00,37829,-22715,2022-09-13 14:16:09.004000+00:00
2011-04-05 00:00:00+00:00,39376,-20070,2022-09-13 14:16:09.004000+00:00
2011-04-12 00:00:00+00:00,41312,-17999,2022-09-13 14:16:09.004000+00:00
2011-04-19 00:00:00+00:00,36185,-20343,2022-09-13 14:16:09.004000+00:00
2011-04-26 00:00:00+00:00,41099,-19476,2022-09-13 14:16:09.004000+00:00
2011-05-03 00:00:00+00:00,57778,-20619,2022-09-13 14:16:09.004000+00:00
2011-05-10 00:00:00+00:00,23049,-19760,2022-09-13 14:16:09.004000+00:00
2011-05-17 00:00:00+00:00,7498,-19812,2022-09-13 14:16:09.004000+00:00
2011-05-24 00:00:00+00:00,-8242,-21749,2022-09-13 14:16:09.004000+00:00
2011-05-31 00:00:00+00:00,-4963,-19893,2022-09-13 14:16:09.004000+00:00
2011-06-07 00:00:00+00:00,7539,-21009,2022-09-13 14:16:09.004000+00:00
2011-06-14 00:00:00+00:00,26112,-3506,2022-09-13 14:16:09.004000+00:00
2011-06-21 00:00:00+00:00,13452,-5144,2022-09-13 14:16:09.004000+00:00
2011-06-28 00:00:00+00:00,11760,-1788,2022-09-13 14:16:09.004000+00:00
2011-07-05 00:00:00+00:00,17259,-3185,2022-09-13 14:16:09.004000+00:00
2011-07-12 00:00:00+00:00,-10336,-1873,2022-09-13 14:16:09.004000+00:00
2011-07-19 00:00:00+00:00,-17528,744,2022-09-13 14:16:09.004000+00:00
2011-07-26 00:00:00+00:00,-5121,-1189,2022-09-13 14:16:09.004000+00:00
2011-08-02 00:00:00+00:00,-12460,-2827,2022-09-13 14:16:09.004000+00:00
2011-08-09 00:00:00+00:00,2858,1166,2022-09-13 14:16:09.004000+00:00
2011-08-16 00:00:00+00:00,3662,5056,2022-09-13 14:16:09.004000+00:00
2011-08-23 00:00:00+00:00,3881,4268,2022-09-13 14:16:09.004000+00:00
2011-08-30 00:00:00+00:00,3341,972,2022-09-13 14:16:09.004000+00:00
2011-09-06 00:00:00+00:00,-7683,-5848,2022-09-13 14:16:09.004000+00:00
2011-09-13 00:00:00+00:00,-10489,-2200,2022-09-13 14:16:09.004000+00:00
2011-09-20 00:00:00+00:00,-50935,19282,2022-09-13 14:16:09.004000+00:00
2011-09-27 00:00:00+00:00,-46459,19656,2022-09-13 14:16:09.004000+00:00
2011-10-04 00:00:00+00:00,-36621,20701,2022-09-13 14:16:09.004000+00:00
2011-10-11 00:00:00+00:00,-30817,25720,2022-09-13 14:16:09.004000+00:00
2011-10-18 00:00:00+00:00,-32792,21116,2022-09-13 14:16:09.004000+00:00
2011-10-25 00:00:00+00:00,-40466,11901,2022-09-13 14:16:09.004000+00:00
2011-11-01 00:00:00+00:00,-30329,14288,2022-09-13 14:16:09.004000+00:00
2011-11-08 00:00:00+00:00,-14940,13072,2022-09-13 14:16:09.004000+00:00
2011-11-15 00:00:00+00:00,-27051,11795,2022-09-13 14:16:09.004000+00:00
2011-11-22 00:00:00+00:00,-27329,10281,2022-09-13 14:16:09.004000+00:00
2011-11-29 00:00:00+00:00,-38768,13037,2022-09-13 14:16:09.004000+00:00
2011-12-06 00:00:00+00:00,-37905,14370,2022-09-13 14:16:09.004000+00:00
2011-12-13 00:00:00+00:00,-47222,12579,2022-09-13 14:16:09.004000+00:00
2011-12-20 00:00:00+00:00,-84801,-10662,2022-09-13 14:16:09.004000+00:00
2011-12-27 00:00:00+00:00,-86010,-6788,2022-09-13 14:16:09.004000+00:00
2012-01-03 00:00:00+00:00,-83253,-8115,2022-09-13 14:16:09.004000+00:00
2012-01-10 00:00:00+00:00,-87887,-6655,2022-09-13 14:16:09.004000+00:00
2012-01-17 00:00:00+00:00,-90210,-5944,2022-09-13 14:16:09.004000+00:00
2012-01-24 00:00:00+00:00,-103520,-5341,2022-09-13 14:16:09.004000+00:00
2012-01-31 00:00:00+00:00,-91352,-23,2022-09-13 14:16:09.004000+00:00
2012-02-07 00:00:00+00:00,-86160,1628,2022-09-13 14:16:09.004000+00:00
2012-02-14 00:00:00+00:00,-97175,-1382,2022-09-13 14:16:09.004000+00:00
2012-02-21 00:00:00+00:00,-93573,212,2022-09-13 14:16:09.004000+00:00
2012-02-28 00:00:00+00:00,-69212,5483,2022-09-13 14:16:09.004000+00:00
2012-03-06 00:00:00+00:00,-65632,1679,2022-09-13 14:16:09.004000+00:00
2012-03-13 00:00:00+00:00,-68177,1340,2022-09-13 14:16:09.004000+00:00
2012-03-20 00:00:00+00:00,-75339,-10908,2022-09-13 14:16:09.004000+00:00
2012-03-27 00:00:00+00:00,-81481,-7889,2022-09-13 14:16:09.004000+00:00
2012-04-03 00:00:00+00:00,-67331,-6102,2022-09-13 14:16:09.004000+00:00
2012-04-10 00:00:00+00:00,-81721,-7372,2022-09-13 14:16:09.004000+00:00
2012-04-17 00:00:00+00:00,-89488,-8702,2022-09-13 14:16:09.004000+00:00
2012-04-24 00:00:00+00:00,-84109,-7994,2022-09-13 14:16:09.004000+00:00
2012-05-01 00:00:00+00:00,-80662,-6353,2022-09-13 14:16:09.004000+00:00
2012-05-08 00:00:00+00:00,-106318,-7219,2022-09-13 14:16:09.004000+00:00
2012-05-15 00:00:00+00:00,-122601,-6571,2022-09-13 14:16:09.004000+00:00
2012-05-22 00:00:00+00:00,-147299,8172,2022-09-13 14:16:09.004000+00:00
2012-05-29 00:00:00+00:00,-152326,15272,2022-09-13 14:16:09.004000+00:00
2012-06-05 00:00:00+00:00,-160137,16419,2022-09-13 14:16:09.004000+00:00
2012-06-12 00:00:00+00:00,-140411,17537,2022-09-13 14:16:09.004000+00:00
2012-06-19 00:00:00+00:00,-115777,-121,2022-09-13 14:16:09.004000+00:00
2012-06-26 00:00:00+00:00,-124670,-2645,2022-09-13 14:16:09.004000+00:00
2012-07-03 00:00:00+00:00,-100606,-285,2022-09-13 14:16:09.004000+00:00
2012-07-10 00:00:00+00:00,-120204,3269,2022-09-13 14:16:09.004000+00:00
2012-07-17 00:00:00+00:00,-118495,5787,2022-09-13 14:16:09.004000+00:00
2012-07-24 00:00:00+00:00,-108483,6721,2022-09-13 14:16:09.004000+00:00
2012-07-31 00:00:00+00:00,-92960,7661,2022-09-13 14:16:09.004000+00:00
2012-08-07 00:00:00+00:00,-83719,8733,2022-09-13 14:16:09.004000+00:00
2012-08-14 00:00:00+00:00,-90844,9380,2022-09-13 14:16:09.004000+00:00
2012-08-21 00:00:00+00:00,-80729,10425,2022-09-13 14:16:09.004000+00:00
2012-08-28 00:00:00+00:00,-57489,13567,2022-09-13 14:16:09.004000+00:00
2012-09-04 00:00:00+00:00,-56896,15210,2022-09-13 14:16:09.004000+00:00
2012-09-11 00:00:00+00:00,-54218,17608,2022-09-13 14:16:09.004000+00:00
2012-09-18 00:00:00+00:00,-70627,-6160,2022-09-13 14:16:09.004000+00:00
2012-09-25 00:00:00+00:00,-53483,-5971,2022-09-13 14:16:09.004000+00:00
2012-10-02 00:00:00+00:00,-54614,-7509,2022-09-13 14:16:09.004000+00:00
2012-10-09 00:00:00+00:00,-73594,-6535,2022-09-13 14:16:09.004000+00:00
2012-10-16 00:00:00+00:00,-57371,-7532,2022-09-13 14:16:09.004000+00:00
2012-10-23 00:00:00+00:00,-58818,-6301,2022-09-13 14:16:09.004000+00:00
2012-10-30 00:00:00+00:00,-59818,-8843,2022-09-13 14:16:09.004000+00:00
2012-11-06 00:00:00+00:00,-62656,-11636,2022-09-13 14:16:09.004000+00:00
2012-11-13 00:00:00+00:00,-75378,-9039,2022-09-13 14:16:09.004000+00:00
2012-11-20 00:00:00+00:00,-81127,-7298,2022-09-13 14:16:09.004000+00:00
2012-11-27 00:00:00+00:00,-61367,-8453,2022-09-13 14:16:09.004000+00:00
2012-12-04 00:00:00+00:00,-36878,-6591,2022-09-13 14:16:09.004000+00:00
2012-12-11 00:00:00+00:00,-29846,-8420,2022-09-13 14:16:09.004000+00:00
2012-12-18 00:00:00+00:00,-4303,-10675,2022-09-13 14:16:09.004000+00:00
2012-12-24 00:00:00+00:00,1700,-10406,2022-09-13 14:16:09.004000+00:00
2012-12-31 00:00:00+00:00,8875,-9523,2022-09-13 14:16:09.004000+00:00
2013-01-08 00:00:00+00:00,-8427,-1328,2022-09-13 14:16:09.004000+00:00
2013-01-15 00:00:00+00:00,3820,-161,2022-09-13 14:16:09.004000+00:00
2013-01-22 00:00:00+00:00,14252,-1597,2022-09-13 14:16:09.004000+00:00
2013-01-29 00:00:00+00:00,17395,2190,2022-09-13 14:16:09.004000+00:00
2013-02-05 00:00:00+00:00,32973,5306,2022-09-13 14:16:09.004000+00:00
2013-02-12 00:00:00+00:00,21445,3750,2022-09-13 14:16:09.004000+00:00
2013-02-19 00:00:00+00:00,15717,-1451,2022-09-13 14:16:09.004000+00:00
2013-02-26 00:00:00+00:00,-2140,-6050,2022-09-13 14:16:09.004000+00:00
2013-03-05 00:00:00+00:00,-25667,-10008,2022-09-13 14:16:09.004000+00:00
2013-03-12 00:00:00+00:00,-24246,-12320,2022-09-13 14:16:09.004000+00:00
2013-03-19 00:00:00+00:00,-36676,5277,2022-09-13 14:16:09.004000+00:00
2013-03-26 00:00:00+00:00,-43807,6736,2022-09-13 14:16:09.004000+00:00
2013-04-02 00:00:00+00:00,-54743,2436,2022-09-13 14:16:09.004000+00:00
2013-04-09 00:00:00+00:00,-49961,2496,2022-09-13 14:16:09.004000+00:00
2013-04-16 00:00:00+00:00,-26487,3133,2022-09-13 14:16:09.004000+00:00
2013-04-23 00:00:00+00:00,-29296,-3267,2022-09-13 14:16:09.004000+00:00
2013-04-30 00:00:00+00:00,-25943,-447,2022-09-13 14:16:09.004000+00:00
2013-05-07 00:00:00+00:00,-26396,-5771,2022-09-13 14:16:09.004000+00:00
2013-05-14 00:00:00+00:00,-36776,-5234,2022-09-13 14:16:09.004000+00:00
2013-05-21 00:00:00+00:00,-68776,-7415,2022-09-13 14:16:09.004000+00:00
2013-05-28 00:00:00+00:00,-69201,-5531,2022-09-13 14:16:09.004000+00:00
2013-06-04 00:00:00+00:00,-41409,-2244,2022-09-13 14:16:09.004000+00:00
2013-06-11 00:00:00+00:00,-2145,5308,2022-09-13 14:16:09.004000+00:00
2013-06-18 00:00:00+00:00,23865,-17152,2022-09-13 14:16:09.004000+00:00
2013-06-25 00:00:00+00:00,25046,-19420,2022-09-13 14:16:09.004000+00:00
2013-07-02 00:00:00+00:00,-5486,-18641,2022-09-13 14:16:09.004000+00:00
2013-07-09 00:00:00+00:00,-27316,-10623,2022-09-13 14:16:09.004000+00:00
2013-07-16 00:00:00+00:00,-25278,-8538,2022-09-13 14:16:09.004000+00:00
2013-07-23 00:00:00+00:00,-20663,-7593,2022-09-13 14:16:09.004000+00:00
2013-07-30 00:00:00+00:00,-5557,-13181,2022-09-13 14:16:09.004000+00:00
2013-08-06 00:00:00+00:00,8569,-12470,2022-09-13 14:16:09.004000+00:00
2013-08-13 00:00:00+00:00,21253,-8224,2022-09-13 14:16:09.004000+00:00
2013-08-20 00:00:00+00:00,39088,-9017,2022-09-13 14:16:09.004000+00:00
2013-08-27 00:00:00+00:00,42536,-8067,2022-09-13 14:16:09.004000+00:00
2013-09-03 00:00:00+00:00,22573,-10388,2022-09-13 14:16:09.004000+00:00
2013-09-10 00:00:00+00:00,9710,-4716,2022-09-13 14:16:09.004000+00:00
2013-09-17 00:00:00+00:00,40381,-682,2022-09-13 14:16:09.004000+00:00
2013-09-24 00:00:00+00:00,78619,-12354,2022-09-13 14:16:09.004000+00:00
2013-10-01 00:00:00+00:00,80504,-10896,2022-09-13 14:16:09.004000+00:00
2013-10-08 00:00:00+00:00,86055,-11034,2022-09-13 14:16:09.004000+00:00
2013-10-15 00:00:00+00:00,75719,-11838,2022-09-13 14:16:09.004000+00:00
2013-10-22 00:00:00+00:00,81191,-10206,2022-09-13 14:16:09.004000+00:00
2013-10-29 00:00:00+00:00,78554,-11283,2022-09-13 14:16:09.004000+00:00
2013-11-05 00:00:00+00:00,43576,-14697,2022-09-13 14:16:09.004000+00:00
2013-11-12 00:00:00+00:00,29257,-17794,2022-09-13 14:16:09.004000+00:00
2013-11-19 00:00:00+00:00,27113,-16423,2022-09-13 14:16:09.004000+00:00
2013-11-26 00:00:00+00:00,13583,-17310,2022-09-13 14:16:09.004000+00:00
2013-12-03 00:00:00+00:00,24146,-17581,2022-09-13 14:16:09.004000+00:00
2013-12-10 00:00:00+00:00,36556,-13592,2022-09-13 14:16:09.004000+00:00
2013-12-17 00:00:00+00:00,49618,-21346,2022-09-13 14:16:09.004000+00:00
2013-12-24 00:00:00+00:00,54002,-26910,2022-09-13 14:16:09.004000+00:00
2013-12-31 00:00:00+00:00,54356,-22672,2022-09-13 14:16:09.004000+00:00
2014-01-07 00:00:00+00:00,40869,-27066,2022-09-13 14:16:09.004000+00:00
2014-01-14 00:00:00+00:00,33682,-21104,2022-09-13 14:16:09.004000+00:00
2014-01-21 00:00:00+00:00,23325,-25705,2022-09-13 14:16:09.004000+00:00
2014-01-28 00:00:00+00:00,36957,-26213,2022-09-13 14:16:09.004000+00:00
2014-02-04 00:00:00+00:00,9649,-28063,2022-09-13 14:16:09.004000+00:00
2014-02-11 00:00:00+00:00,13792,-27562,2022-09-13 14:16:09.004000+00:00
2014-02-18 00:00:00+00:00,32244,-23858,2022-09-13 14:16:09.004000+00:00
2014-02-25 00:00:00+00:00,38089,-23849,2022-09-13 14:16:09.004000+00:00
2014-03-04 00:00:00+00:00,47748,-17893,2022-09-13 14:16:09.004000+00:00
2014-03-11 00:00:00+00:00,62905,-17817,2022-09-13 14:16:09.004000+00:00
2014-03-18 00:00:00+00:00,70287,-28453,2022-09-13 14:16:09.004000+00:00
2014-03-25 00:00:00+00:00,60003,-32690,2022-09-13 14:16:09.004000+00:00
2014-04-01 00:00:00+00:00,51965,-34243,2022-09-13 14:16:09.004000+00:00
2014-04-08 00:00:00+00:00,37464,-25988,2022-09-13 14:16:09.004000+00:00
2014-04-15 00:00:00+00:00,44820,-20396,2022-09-13 14:16:09.004000+00:00
2014-04-22 00:00:00+00:00,43965,-21993,2022-09-13 14:16:09.004000+00:00
2014-04-29 00:00:00+00:00,39733,-24760,2022-09-13 14:16:09.004000+00:00
2014-05-06 00:00:00+00:00,44980,-25446,2022-09-13 14:16:09.004000+00:00
2014-05-13 00:00:00+00:00,8213,-24848,2022-09-13 14:16:09.004000+00:00
2014-05-20 00:00:00+00:00,-3711,-25629,2022-09-13 14:16:09.004000+00:00
2014-05-27 00:00:00+00:00,-14085,-27962,2022-09-13 14:16:09.004000+00:00
2014-06-03 00:00:00+00:00,-29841,-29194,2022-09-13 14:16:09.004000+00:00
2014-06-10 00:00:00+00:00,-52249,-25230,2022-09-13 14:16:09.004000+00:00
2014-06-17 00:00:00+00:00,-49932,-6472,2022-09-13 14:16:09.004000+00:00
2014-06-24 00:00:00+00:00,-49590,-7578,2022-09-13 14:16:09.004000+00:00
2014-07-01 00:00:00+00:00,-52058,-4081,2022-09-13 14:16:09.004000+00:00
2014-07-08 00:00:00+00:00,-51109,-4201,2022-09-13 14:16:09.004000+00:00
2014-07-15 00:00:00+00:00,-49483,-5767,2022-09-13 14:16:09.004000+00:00
2014-07-22 00:00:00+00:00,-66983,-6225,2022-09-13 14:16:09.004000+00:00
2014-07-29 00:00:00+00:00,-82199,-10252,2022-09-13 14:16:09.004000+00:00
2014-08-05 00:00:00+00:00,-105253,-9368,2022-09-13 14:16:09.004000+00:00
2014-08-12 00:00:00+00:00,-104466,-10067,2022-09-13 14:16:09.004000+00:00
2014-08-19 00:00:00+00:00,-117290,-11486,2022-09-13 14:16:09.004000+00:00
2014-08-26 00:00:00+00:00,-126160,-12126,2022-09-13 14:16:09.004000+00:00
2014-09-02 00:00:00+00:00,-127201,-11402,2022-09-13 14:16:09.004000+00:00
2014-09-09 00:00:00+00:00,-118547,-16616,2022-09-13 14:16:09.004000+00:00
2014-09-16 00:00:00+00:00,-101856,4825,2022-09-13 14:16:09.004000+00:00
2014-09-23 00:00:00+00:00,-108573,4969,2022-09-13 14:16:09.004000+00:00
2014-09-30 00:00:00+00:00,-99007,-84,2022-09-13 14:16:09.004000+00:00
2014-10-07 00:00:00+00:00,-106079,802,2022-09-13 14:16:09.004000+00:00
2014-10-14 00:00:00+00:00,-120597,2764,2022-09-13 14:16:09.004000+00:00
2014-10-21 00:00:00+00:00,-123733,7402,2022-09-13 14:16:09.004000+00:00
2014-10-28 00:00:00+00:00,-131214,7725,2022-09-13 14:16:09.004000+00:00
2014-11-04 00:00:00+00:00,-138634,-5828,2022-09-13 14:16:09.004000+00:00
2014-11-11 00:00:00+00:00,-129094,-3787,2022-09-13 14:16:09.004000+00:00
2014-11-18 00:00:00+00:00,-134116,-1441,2022-09-13 14:16:09.004000+00:00
2014-11-25 00:00:00+00:00,-128229,-4050,2022-09-13 14:16:09.004000+00:00
2014-12-02 00:00:00+00:00,-120111,-3029,2022-09-13 14:16:09.004000+00:00
2014-12-09 00:00:00+00:00,-87595,-765,2022-09-13 14:16:09.004000+00:00
2014-12-16 00:00:00+00:00,-102686,-2792,2022-09-13 14:16:09.004000+00:00
2014-12-23 00:00:00+00:00,-127666,-4435,2022-09-13 14:16:09.004000+00:00
2014-12-30 00:00:00+00:00,-131455,-15201,2022-09-13 14:16:09.004000+00:00
2015-01-06 00:00:00+00:00,-135365,-983,2022-09-13 14:16:09.004000+00:00
2015-01-13 00:00:00+00:00,-136703,8872,2022-09-13 14:16:09.004000+00:00
2015-01-20 00:00:00+00:00,-144434,8609,2022-09-13 14:16:09.004000+00:00
2015-01-27 00:00:00+00:00,-138680,4483,2022-09-13 14:16:09.004000+00:00
2015-02-03 00:00:00+00:00,-155558,4730,2022-09-13 14:16:09.004000+00:00
2015-02-10 00:00:00+00:00,-158982,6721,2022-09-13 14:16:09.004000+00:00
2015-02-17 00:00:00+00:00,-151966,4970,2022-09-13 14:16:09.004000+00:00
2015-02-24 00:00:00+00:00,-149982,5230,2022-09-13 14:16:09.004000+00:00
2015-03-03 00:00:00+00:00,-145139,2946,2022-09-13 14:16:09.004000+00:00
2015-03-10 00:00:00+00:00,-129172,-5603,2022-09-13 14:16:09.004000+00:00
2015-03-17 00:00:00+00:00,-144213,-35958,2022-09-13 14:16:09.004000+00:00
2015-03-24 00:00:00+00:00,-170230,-17908,2022-09-13 14:16:09.004000+00:00
2015-03-31 00:00:00+00:00,-160674,-23687,2022-09-13 14:16:09.004000+00:00
2015-04-07 00:00:00+00:00,-154643,-18410,2022-09-13 14:16:09.004000+00:00
2015-04-14 00:00:00+00:00,-148804,-21633,2022-09-13 14:16:09.004000+00:00
2015-04-21 00:00:00+00:00,-139424,-23906,2022-09-13 14:16:09.004000+00:00
2015-04-28 00:00:00+00:00,-124234,-12497,2022-09-13 14:16:09.004000+00:00
2015-05-05 00:00:00+00:00,-118303,-2311,2022-09-13 14:16:09.004000+00:00
2015-05-12 00:00:00+00:00,-107498,2713,2022-09-13 14:16:09.004000+00:00
2015-05-19 00:00:00+00:00,-103229,5842,2022-09-13 14:16:09.004000+00:00
2015-05-26 00:00:00+00:00,-103068,-2943,2022-09-13 14:16:09.004000+00:00
2015-06-02 00:00:00+00:00,-86336,-7252,2022-09-13 14:16:09.004000+00:00
2015-06-09 00:00:00+00:00,-73169,-1913,2022-09-13 14:16:09.004000+00:00
2015-06-16 00:00:00+00:00,-33002,-14525,2022-09-13 14:16:09.004000+00:00
2015-06-23 00:00:00+00:00,-45668,-7085,2022-09-13 14:16:09.004000+00:00
2015-06-30 00:00:00+00:00,-48954,-1325,2022-09-13 14:16:09.004000+00:00
2015-07-07 00:00:00+00:00,-59110,-1338,2022-09-13 14:16:09.004000+00:00
2015-07-14 00:00:00+00:00,-65859,1934,2022-09-13 14:16:09.004000+00:00
2015-07-21 00:00:00+00:00,-72161,1047,2022-09-13 14:16:09.004000+00:00
2015-07-28 00:00:00+00:00,-66491,2831,2022-09-13 14:16:09.004000+00:00
2015-08-04 00:00:00+00:00,-74074,1163,2022-09-13 14:16:09.004000+00:00
2015-08-11 00:00:00+00:00,-71568,8635,2022-09-13 14:16:09.004000+00:00
2015-08-18 00:00:00+00:00,-58228,12173,2022-09-13 14:16:09.004000+00:00
2015-08-25 00:00:00+00:00,-42460,18667,2022-09-13 14:16:09.004000+00:00
2015-09-01 00:00:00+00:00,-40286,19469,2022-09-13 14:16:09.004000+00:00
2015-09-08 00:00:00+00:00,-49964,23063,2022-09-13 14:16:09.004000+00:00
2015-09-15 00:00:00+00:00,-59641,506,2022-09-13 14:16:09.004000+00:00
2015-09-22 00:00:00+00:00,-56471,545,2022-09-13 14:16:09.004000+00:00
2015-09-29 00:00:00+00:00,-57957,8931,2022-09-13 14:16:09.004000+00:00
2015-10-06 00:00:00+00:00,-62431,9860,2022-09-13 14:16:09.004000+00:00
2015-10-13 00:00:00+00:00,-60104,16951,2022-09-13 14:16:09.004000+00:00
2015-10-20 00:00:00+00:00,-48616,16408,2022-09-13 14:16:09.004000+00:00
2015-10-27 00:00:00+00:00,-83046,5375,2022-09-13 14:16:09.004000+00:00
2015-11-03 00:00:00+00:00,-118209,8533,2022-09-13 14:16:09.004000+00:00
2015-11-10 00:00:00+00:00,-130082,3160,2022-09-13 14:16:09.004000+00:00
2015-11-17 00:00:00+00:00,-141062,194,2022-09-13 14:16:09.004000+00:00
2015-11-24 00:00:00+00:00,-151882,600,2022-09-13 14:16:09.004000+00:00
2015-12-01 00:00:00+00:00,-156726,-884,2022-09-13 14:16:09.004000+00:00
2015-12-08 00:00:00+00:00,-139375,2803,2022-09-13 14:16:09.004000+00:00
2015-12-15 00:00:00+00:00,-126395,-6347,2022-09-13 14:16:09.004000+00:00
2015-12-22 00:00:00+00:00,-129584,2713,2022-09-13 14:16:09.004000+00:00
2015-12-29 00:00:00+00:00,-131349,2506,2022-09-13 14:16:09.004000+00:00
2016-01-05 00:00:00+00:00,-123477,5203,2022-09-13 14:16:09.004000+00:00
2016-01-12 00:00:00+00:00,-109378,11436,2022-09-13 14:16:09.004000+00:00
2016-01-19 00:00:00+00:00,-95994,10361,2022-09-13 14:16:09.004000+00:00
2016-01-26 00:00:00+00:00,-88975,10664,2022-09-13 14:16:09.004000+00:00
2016-02-02 00:00:00+00:00,-74553,10931,2022-09-13 14:16:09.004000+00:00
2016-02-09 00:00:00+00:00,-61799,15783,2022-09-13 14:16:09.004000+00:00
2016-02-16 00:00:00+00:00,-41107,12029,2022-09-13 14:16:09.004000+00:00
2016-02-23 00:00:00+00:00,-35900,12268,2022-09-13 14:16:09.004000+00:00
2016-03-01 00:00:00+00:00,-51615,10914,2022-09-13 14:16:09.004000+00:00
2016-03-08 00:00:00+00:00,-61927,12560,2022-09-13 14:16:09.004000+00:00
2016-03-15 00:00:00+00:00,-74713,-5003,2022-09-13 14:16:09.004000+00:00
2016-03-22 00:00:00+00:00,-68806,-7293,2022-09-13 14:16:09.004000+00:00
2016-03-29 00:00:00+00:00,-63117,-7899,2022-09-13 14:16:09.004000+00:00
2016-04-05 00:00:00+00:00,-54339,-11348,2022-09-13 14:16:09.004000+00:00
2016-04-12 00:00:00+00:00,-47490,-8965,2022-09-13 14:16:09.004000+00:00
2016-04-19 00:00:00+00:00,-50877,-7753,2022-09-13 14:16:09.004000+00:00
2016-04-26 00:00:00+00:00,-43212,-9748,2022-09-13 14:16:09.004000+00:00
2016-05-03 00:00:00+00:00,-38623,-12394,2022-09-13 14:16:09.004000+00:00
2016-05-10 00:00:00+00:00,-31337,-9513,2022-09-13 14:16:09.004000+00:00
2016-05-17 00:00:00+00:00,-22542,-9350,2022-09-13 14:16:09.004000+00:00
2016-05-24 00:00:00+00:00,-48834,-9893,2022-09-13 14:16:09.004000+00:00
2016-05-31 00:00:00+00:00,-61574,-11254,2022-09-13 14:16:09.004000+00:00
2016-06-07 00:00:00+00:00,-64083,-11515,2022-09-13 14:16:09.004000+00:00
2016-06-14 00:00:00+00:00,-70074,-23697,2022-09-13 14:16:09.004000+00:00
2016-06-21 00:00:00+00:00,-78621,-23565,2022-09-13 14:16:09.004000+00:00
2016-06-28 00:00:00+00:00,-58811,-21245,2022-09-13 14:16:09.004000+00:00
2016-07-05 00:00:00+00:00,-74655,-25690,2022-09-13 14:16:09.004000+00:00
2016-07-12 00:00:00+00:00,-91872,-24472,2022-09-13 14:16:09.004000+00:00
2016-07-19 00:00:00+00:00,-105048,-20342,2022-09-13 14:16:09.004000+00:00
2016-07-26 00:00:00+00:00,-111903,-16653,2022-09-13 14:16:09.004000+00:00
2016-08-02 00:00:00+00:00,-108283,-10009,2022-09-13 14:16:09.004000+00:00
2016-08-09 00:00:00+00:00,-103798,-12155,2022-09-13 14:16:09.004000+00:00
2016-08-16 00:00:00+00:00,-98625,-14027,2022-09-13 14:16:09.004000+00:00
2016-08-23 00:00:00+00:00,-83096,-14320,2022-09-13 14:16:09.004000+00:00
2016-08-30 00:00:00+00:00,-82997,-12433,2022-09-13 14:16:09.004000+00:00
2016-09-06 00:00:00+00:00,-87612,-13454,2022-09-13 14:16:09.004000+00:00
2016-09-13 00:00:00+00:00,-82555,-11286,2022-09-13 14:16:09.004000+00:00
2016-09-20 00:00:00+00:00,-82177,-14040,2022-09-13 14:16:09.004000+00:00
2016-09-27 00:00:00+00:00,-79660,-16248,2022-09-13 14:16:09.004000+00:00
2016-10-04 00:00:00+00:00,-88213,-17811,2022-09-13 14:16:09.004000+00:00
2016-10-11 00:00:00+00:00,-109196,-7045,2022-09-13 14:16:09.004000+00:00
2016-10-18 00:00:00+00:00,-139152,-2175,2022-09-13 14:16:09.004000+00:00
2016-10-25 00:00:00+00:00,-152307,1021,2022-09-13 14:16:09.004000+00:00
2016-11-01 00:00:00+00:00,-157590,2875,2022-09-13 14:16:09.004000+00:00
2016-11-08 00:00:00+00:00,-134898,2355,2022-09-13 14:16:09.004000+00:00
2016-11-15 00:00:00+00:00,-129359,6229,2022-09-13 14:16:09.004000+00:00
2016-11-22 00:00:00+00:00,-135921,673,2022-09-13 14:16:09.004000+00:00
2016-11-29 00:00:00+00:00,-156366,4948,2022-09-13 14:16:09.004000+00:00
2016-12-06 00:00:00+00:00,-126464,8550,2022-09-13 14:16:09.004000+00:00
2016-12-13 00:00:00+00:00,-117325,1380,2022-09-13 14:16:09.004000+00:00
2016-12-20 00:00:00+00:00,-104929,11543,2022-09-13 14:16:09.004000+00:00
2016-12-27 00:00:00+00:00,-105188,9556,2022-09-13 14:16:09.004000+00:00
2017-01-03 00:00:00+00:00,-117227,18074,2022-09-13 14:16:09.004000+00:00
2017-01-10 00:00:00+00:00,-115721,16900,2022-09-13 14:16:09.004000+00:00
2017-01-17 00:00:00+00:00,-111024,17914,2022-09-13 14:16:09.004000+00:00
2017-01-24 00:00:00+00:00,-98652,17861,2022-09-13 14:16:09.004000+00:00
2017-01-31 00:00:00+00:00,-83960,18155,2022-09-13 14:16:09.004000+00:00
2017-02-07 00:00:00+00:00,-86582,23347,2022-09-13 14:16:09.004000+00:00
2017-02-14 00:00:00+00:00,-90036,23428,2022-09-13 14:16:09.004000+00:00
2017-02-21 00:00:00+00:00,-103599,25382,2022-09-13 14:16:09.004000+00:00
2017-02-28 00:00:00+00:00,-91856,24725,2022-09-13 14:16:09.004000+00:00
2017-03-07 00:00:00+00:00,-100590,23493,2022-09-13 14:16:09.004000+00:00
2017-03-14 00:00:00+00:00,-87734,20842,2022-09-13 14:16:09.004000+00:00
2017-03-21 00:00:00+00:00,-68903,23203,2022-09-13 14:16:09.004000+00:00
2017-03-28 00:00:00+00:00,-59919,24215,2022-09-13 14:16:09.004000+00:00
2017-04-04 00:00:00+00:00,-67353,24111,2022-09-13 14:16:09.004000+00:00
2017-04-11 00:00:00+00:00,-88147,21890,2022-09-13 14:16:09.004000+00:00
2017-04-18 00:00:00+00:00,-96320,23310,2022-09-13 14:16:09.004000+00:00
2017-04-25 00:00:00+00:00,-81305,22350,2022-09-13 14:16:09.004000+00:00
2017-05-02 00:00:00+00:00,-53004,23131,2022-09-13 14:16:09.004000+00:00
2017-05-09 00:00:00+00:00,-50841,19110,2022-09-13 14:16:09.004000+00:00
2017-05-16 00:00:00+00:00,-33438,17673,2022-09-13 14:16:09.004000+00:00
2017-05-23 00:00:00+00:00,-5342,27307,2022-09-13 14:16:09.004000+00:00
2017-05-30 00:00:00+00:00,5646,22633,2022-09-13 14:16:09.004000+00:00
2017-06-06 00:00:00+00:00,10110,20813,2022-09-13 14:16:09.004000+00:00
2017-06-13 00:00:00+00:00,10001,25785,2022-09-13 14:16:09.004000+00:00
2017-06-20 00:00:00+00:00,-14975,680,2022-09-13 14:16:09.004000+00:00
2017-06-27 00:00:00+00:00,-8147,-7249,2022-09-13 14:16:09.004000+00:00
2017-07-03 00:00:00+00:00,-6613,-6258,2022-09-13 14:16:09.004000+00:00
2017-07-11 00:00:00+00:00,290,2705,2022-09-13 14:16:09.004000+00:00
2017-07-18 00:00:00+00:00,6459,570,2022-09-13 14:16:09.004000+00:00
2017-07-25 00:00:00+00:00,352,-1683,2022-09-13 14:16:09.004000+00:00
2017-08-01 00:00:00+00:00,6697,-6115,2022-09-13 14:16:09.004000+00:00
2017-08-08 00:00:00+00:00,25333,-5999,2022-09-13 14:16:09.004000+00:00
2017-08-15 00:00:00+00:00,9360,-6691,2022-09-13 14:16:09.004000+00:00
2017-08-22 00:00:00+00:00,23844,-7131,2022-09-13 14:16:09.004000+00:00
2017-08-29 00:00:00+00:00,30806,-1341,2022-09-13 14:16:09.004000+00:00
2017-09-05 00:00:00+00:00,30057,-3045,2022-09-13 14:16:09.004000+00:00
2017-09-12 00:00:00+00:00,23054,102,2022-09-13 14:16:09.004000+00:00
2017-09-19 00:00:00+00:00,1159,-15434,2022-09-13 14:16:09.004000+00:00
2017-09-26 00:00:00+00:00,19733,-19358,2022-09-13 14:16:09.004000+00:00
2017-10-03 00:00:00+00:00,18309,-20522,2022-09-13 14:16:09.004000+00:00
2017-10-10 00:00:00+00:00,22807,-16580,2022-09-13 14:16:09.004000+00:00
2017-10-17 00:00:00+00:00,15334,-19132,2022-09-13 14:16:09.004000+00:00
2017-10-24 00:00:00+00:00,10159,-18925,2022-09-13 14:16:09.004000+00:00
2017-10-31 00:00:00+00:00,-57,-18635,2022-09-13 14:16:09.004000+00:00
2017-11-07 00:00:00+00:00,4556,-17991,2022-09-13 14:16:09.004000+00:00
2017-11-14 00:00:00+00:00,3856,-15854,2022-09-13 14:16:09.004000+00:00
2017-11-21 00:00:00+00:00,9593,-14240,2022-09-13 14:16:09.004000+00:00
2017-11-28 00:00:00+00:00,6929,-13926,2022-09-13 14:16:09.004000+00:00
2017-12-05 00:00:00+00:00,7551,-21223,2022-09-13 14:16:09.004000+00:00
2017-12-12 00:00:00+00:00,15117,-22111,2022-09-13 14:16:09.004000+00:00
2017-12-19 00:00:00+00:00,-2345,-11256,2022-09-13 14:16:09.004000+00:00
2017-12-26 00:00:00+00:00,563,-9920,2022-09-13 14:16:09.004000+00:00
2018-01-02 00:00:00+00:00,34530,114,2022-09-13 14:16:09.004000+00:00
2018-01-09 00:00:00+00:00,42042,5257,2022-09-13 14:16:09.004000+00:00
2018-01-16 00:00:00+00:00,45685,4520,2022-09-13 14:16:09.004000+00:00
2018-01-23 00:00:00+00:00,59023,1755,2022-09-13 14:16:09.004000+00:00
2018-01-30 00:00:00+00:00,76853,1422,2022-09-13 14:16:09.004000+00:00
2018-02-06 00:00:00+00:00,66452,-1665,2022-09-13 14:16:09.004000+00:00
2018-02-13 00:00:00+00:00,34786,-2351,2022-09-13 14:16:09.004000+00:00
2018-02-20 00:00:00+00:00,29282,-4474,2022-09-13 14:16:09.004000+00:00
2018-02-27 00:00:00+00:00,33561,-5654,2022-09-13 14:16:09.004000+00:00
2018-03-06 00:00:00+00:00,30140,-9736,2022-09-13 14:16:09.004000+00:00
2018-03-13 00:00:00+00:00,37737,-7531,2022-09-13 14:16:09.004000+00:00
2018-03-20 00:00:00+00:00,25664,-7345,2022-09-13 14:16:09.004000+00:00
2018-03-27 00:00:00+00:00,27515,-6885,2022-09-13 14:16:09.004000+00:00
2018-04-03 00:00:00+00:00,19144,-6845,2022-09-13 14:16:09.004000+00:00
2018-04-10 00:00:00+00:00,25050,-6315,2022-09-13 14:16:09.004000+00:00
2018-04-17 00:00:00+00:00,29978,-5133,2022-09-13 14:16:09.004000+00:00
2018-04-24 00:00:00+00:00,8353,-11126,2022-09-13 14:16:09.004000+00:00
2018-05-01 00:00:00+00:00,2510,-14754,2022-09-13 14:16:09.004000+00:00
2018-05-08 00:00:00+00:00,4891,-15934,2022-09-13 14:16:09.004000+00:00
2018-05-15 00:00:00+00:00,-4084,-18111,2022-09-13 14:16:09.004000+00:00
2018-05-22 00:00:00+00:00,-10688,-18854,2022-09-13 14:16:09.004000+00:00
2018-05-29 00:00:00+00:00,-17890,-18778,2022-09-13 14:16:09.004000+00:00
2018-06-05 00:00:00+00:00,-33467,-18016,2022-09-13 14:16:09.004000+00:00
2018-06-12 00:00:00+00:00,-42010,-20300,2022-09-13 14:16:09.004000+00:00
2018-06-19 00:00:00+00:00,-55307,-4409,2022-09-13 14:16:09.004000+00:00
2018-06-26 00:00:00+00:00,-60058,-5176,2022-09-13 14:16:09.004000+00:00
2018-07-03 00:00:00+00:00,-56966,-6209,2022-09-13 14:16:09.004000+00:00
2018-07-10 00:00:00+00:00,-69102,-5066,2022-09-13 14:16:09.004000+00:00
2018-07-17 00:00:00+00:00,-70953,-6603,2022-09-13 14:16:09.004000+00:00
2018-07-24 00:00:00+00:00,-67993,-2614,2022-09-13 14:16:09.004000+00:00
2018-07-31 00:00:00+00:00,-67092,1313,2022-09-13 14:16:09.004000+00:00
2018-08-07 00:00:00+00:00,-82524,4314,2022-09-13 14:16:09.004000+00:00
2018-08-14 00:00:00+00:00,-97858,5973,2022-09-13 14:16:09.004000+00:00
2018-08-21 00:00:00+00:00,-102274,7346,2022-09-13 14:16:09.004000+00:00
2018-08-28 00:00:00+00:00,-99730,8011,2022-09-13 14:16:09.004000+00:00
2018-09-04 00:00:00+00:00,-94895,6255,2022-09-13 14:16:09.004000+00:00
2018-09-11 00:00:00+00:00,-75957,6525,2022-09-13 14:16:09.004000+00:00
2018-09-18 00:00:00+00:00,-76663,5276,2022-09-13 14:16:09.004000+00:00
2018-09-25 00:00:00+00:00,-86694,9493,2022-09-13 14:16:09.004000+00:00
2018-10-02 00:00:00+00:00,-81816,14353,2022-09-13 14:16:09.004000+00:00
2018-10-09 00:00:00+00:00,-81922,10620,2022-09-13 14:16:09.004000+00:00
2018-10-16 00:00:00+00:00,-85227,12604,2022-09-13 14:16:09.004000+00:00
2018-10-23 00:00:00+00:00,-93158,10815,2022-09-13 14:16:09.004000+00:00
2018-10-30 00:00:00+00:00,-93146,13984,2022-09-13 14:16:09.004000+00:00
2018-11-06 00:00:00+00:00,-102250,15424,2022-09-13 14:16:09.004000+00:00
2018-11-13 00:00:00+00:00,-88919,16631,2022-09-13 14:16:09.004000+00:00
2018-11-20 00:00:00+00:00,-100260,17672,2022-09-13 14:16:09.004000+00:00
2018-11-27 00:00:00+00:00,-111601,16992,2022-09-13 14:16:09.004000+00:00
2018-12-04 00:00:00+00:00,-102079,16765,2022-09-13 14:16:09.004000+00:00
2018-12-11 00:00:00+00:00,-92456,16572,2022-09-13 14:16:09.004000+00:00
2018-12-18 00:00:00+00:00,-84588,11838,2022-09-13 14:16:09.004000+00:00
2018-12-24 00:00:00+00:00,-88854,14987,2022-09-13 14:16:09.004000+00:00
2018-12-31 00:00:00+00:00,-83475,16677,2022-09-13 14:16:09.004000+00:00
2019-01-08 00:00:00+00:00,-82346,22228,2022-09-13 14:16:09.004000+00:00
2019-01-15 00:00:00+00:00,-79886,25019,2022-09-13 14:16:09.004000+00:00
2019-01-22 00:00:00+00:00,-84905,23560,2022-09-13 14:16:09.004000+00:00
2019-01-29 00:00:00+00:00,-83732,22330,2022-09-13 14:16:09.004000+00:00
2019-02-05 00:00:00+00:00,-76953,23215,2022-09-13 14:16:09.004000+00:00
2019-02-12 00:00:00+00:00,-84241,16234,2022-09-13 14:16:09.004000+00:00
2019-02-19 00:00:00+00:00,-90642,14743,2022-09-13 14:16:09.004000+00:00
2019-02-26 00:00:00+00:00,-82180,16209,2022-09-13 14:16:09.004000+00:00
2019-03-05 00:00:00+00:00,-81075,15921,2022-09-13 14:16:09.004000+00:00
2019-03-12 00:00:00+00:00,-83174,14117,2022-09-13 14:16:09.004000+00:00
2019-03-19 00:00:00+00:00,-86841,3789,2022-09-13 14:16:09.004000+00:00
2019-03-26 00:00:00+00:00,-88513,4653,2022-09-13 14:16:09.004000+00:00
2019-04-02 00:00:00+00:00,-103718,1164,2022-09-13 14:16:09.004000+00:00
2019-04-09 00:00:00+00:00,-103682,2183,2022-09-13 14:16:09.004000+00:00
2019-04-16 00:00:00+00:00,-99381,2963,2022-09-13 14:16:09.004000+00:00
2019-04-23 00:00:00+00:00,-103820,859,2022-09-13 14:16:09.004000+00:00
2019-04-30 00:00:00+00:00,-109525,951,2022-09-13 14:16:09.004000+00:00
2019-05-07 00:00:00+00:00,-114592,1737,2022-09-13 14:16:09.004000+00:00
2019-05-14 00:00:00+00:00,-111693,5425,2022-09-13 14:16:09.004000+00:00
2019-05-21 00:00:00+00:00,-107410,2761,2022-09-13 14:16:09.004000+00:00
2019-05-28 00:00:00+00:00,-103963,3040,2022-09-13 14:16:09.004000+00:00
2019-06-04 00:00:00+00:00,-91982,4469,2022-09-13 14:16:09.004000+00:00
2019-06-11 00:00:00+00:00,-103399,10516,2022-09-13 14:16:09.004000+00:00
2019-06-18 00:00:00+00:00,-88844,7889,2022-09-13 14:16:09.004000+00:00
2019-06-25 00:00:00+00:00,-92949,14537,2022-09-13 14:16:09.004000+00:00
2019-07-02 00:00:00+00:00,-86355,14925,2022-09-13 14:16:09.004000+00:00
2019-07-09 00:00:00+00:00,-91631,8831,2022-09-13 14:16:09.004000+00:00
2019-07-16 00:00:00+00:00,-89102,8661,2022-09-13 14:16:09.004000+00:00
2019-07-23 00:00:00+00:00,-96252,7685,2022-09-13 14:16:09.004000+00:00
2019-07-30 00:00:00+00:00,-103264,4146,2022-09-13 14:16:09.004000+00:00
2019-08-06 00:00:00+00:00,-85344,4025,2022-09-13 14:16:09.004000+00:00
2019-08-13 00:00:00+00:00,-108531,3724,2022-09-13 14:16:09.004000+00:00
2019-08-20 00:00:00+00:00,-95472,1390,2022-09-13 14:16:09.004000+00:00
2019-08-27 00:00:00+00:00,-87895,1705,2022-09-13 14:16:09.004000+00:00
2019-09-03 00:00:00+00:00,-90018,770,2022-09-13 14:16:09.004000+00:00
2019-09-10 00:00:00+00:00,-96729,1552,2022-09-13 14:16:09.004000+00:00
2019-09-17 00:00:00+00:00,-106661,11886,2022-09-13 14:16:09.004000+00:00
2019-09-24 00:00:00+00:00,-91289,10786,2022-09-13 14:16:09.004000+00:00
2019-10-01 00:00:00+00:00,-89485,10184,2022-09-13 14:16:09.004000+00:00
2019-10-08 00:00:00+00:00,-102990,10330,2022-09-13 14:16:09.004000+00:00
2019-10-15 00:00:00+00:00,-101827,13829,2022-09-13 14:16:09.004000+00:00
2019-10-22 00:00:00+00:00,-94550,20765,2022-09-13 14:16:09.004000+00:00
2019-10-29 00:00:00+00:00,-93496,21882,2022-09-13 14:16:09.004000+00:00
2019-11-05 00:00:00+00:00,-101070,22410,2022-09-13 14:16:09.004000+00:00
2019-11-12 00:00:00+00:00,-97516,21292,2022-09-13 14:16:09.004000+00:00
2019-11-19 00:00:00+00:00,-88857,19689,2022-09-13 14:16:09.004000+00:00
2019-11-26 00:00:00+00:00,-97407,18335,2022-09-13 14:16:09.004000+00:00
2019-12-03 00:00:00+00:00,-94361,17329,2022-09-13 14:16:09.004000+00:00
2019-12-10 00:00:00+00:00,-101238,20244,2022-09-13 14:16:09.004000+00:00
2019-12-17 00:00:00+00:00,-103792,9206,2022-09-13 14:16:09.004000+00:00
2019-12-24 00:00:00+00:00,-112907,9680,2022-09-13 14:16:09.004000+00:00
2019-12-31 00:00:00+00:00,-127195,14009,2022-09-13 14:16:09.004000+00:00
2020-01-07 00:00:00+00:00,-117552,15095,2022-09-13 14:16:09.004000+00:00
2020-01-14 00:00:00+00:00,-109375,11673,2022-09-13 14:16:09.004000+00:00
2020-01-21 00:00:00+00:00,-100789,9605,2022-09-13 14:16:09.004000+00:00
2020-01-28 00:00:00+00:00,-103401,2753,2022-09-13 14:16:09.004000+00:00
2020-02-04 00:00:00+00:00,-117172,1123,2022-09-13 14:16:09.004000+00:00
2020-02-11 00:00:00+00:00,-133549,-74,2022-09-13 14:16:09.004000+00:00
2020-02-18 00:00:00+00:00,-138207,6385,2022-09-13 14:16:09.004000+00:00
2020-02-25 00:00:00+00:00,-145533,5887,2022-09-13 14:16:09.004000+00:00
2020-03-03 00:00:00+00:00,-140379,7177,2022-09-13 14:16:09.004000+00:00
2020-03-10 00:00:00+00:00,-107611,17792,2022-09-13 14:16:09.004000+00:00
2020-03-17 00:00:00+00:00,-62810,-3733,2022-09-13 14:16:09.004000+00:00
2020-03-24 00:00:00+00:00,-42347,-3561,2022-09-13 14:16:09.004000+00:00
2020-03-31 00:00:00+00:00,-36009,-4992,2022-09-13 14:16:09.004000+00:00
2020-04-07 00:00:00+00:00,-27519,-3827,2022-09-13 14:16:09.004000+00:00
2020-04-14 00:00:00+00:00,-21478,-2111,2022-09-13 14:16:09.004000+00:00
2020-04-21 00:00:00+00:00,-19329,-2603,2022-09-13 14:16:09.004000+00:00
2020-04-28 00:00:00+00:00,-19505,-3416,2022-09-13 14:16:09.004000+00:00
2020-05-05 00:00:00+00:00,-24169,-3711,2022-09-13 14:16:09.004000+00:00
2020-05-12 00:00:00+00:00,-26813,-2003,2022-09-13 14:16:09.004000+00:00
2020-05-19 00:00:00+00:00,-31507,-1172,2022-09-13 14:16:09.004000+00:00
2020-05-26 00:00:00+00:00,-30822,-398,2022-09-13 14:16:09.004000+00:00
2020-06-02 00:00:00+00:00,-31053,2172,2022-09-13 14:16:09.004000+00:00
2020-06-09 00:00:00+00:00,-33029,7577,2022-09-13 14:16:09.004000+00:00
2020-06-16 00:00:00+00:00,-18944,-5377,2022-09-13 14:16:09.004000+00:00
2020-06-23 00:00:00+00:00,-14973,-4861,2022-09-13 14:16:09.004000+00:00
2020-06-30 00:00:00+00:00,-31407,-4882,2022-09-13 14:16:09.004000+00:00
2020-07-07 00:00:00+00:00,-26922,-4604,2022-09-13 14:16:09.004000+00:00
2020-07-14 00:00:00+00:00,-25319,-3608,2022-09-13 14:16:09.004000+00:00
2020-07-21 00:00:00+00:00,-14995,-1802,2022-09-13 14:16:09.004000+00:00
2020-07-28 00:00:00+00:00,-5850,1866,2022-09-13 14:16:09.004000+00:00
2020-08-04 00:00:00+00:00,11632,1474,2022-09-13 14:16:09.004000+00:00
2020-08-11 00:00:00+00:00,30459,164,2022-09-13 14:16:09.004000+00:00
2020-08-18 00:00:00+00:00,31569,-198,2022-09-13 14:16:09.004000+00:00
2020-08-25 00:00:00+00:00,37095,-1274,2022-09-13 14:16:09.004000+00:00
2020-09-01 00:00:00+00:00,31808,1102,2022-09-13 14:16:09.004000+00:00
2020-09-08 00:00:00+00:00,29929,962,2022-09-13 14:16:09.004000+00:00
2020-09-15 00:00:00+00:00,19078,-7560,2022-09-13 14:16:09.004000+00:00
2020-09-22 00:00:00+00:00,23005,-6759,2022-09-13 14:16:09.004000+00:00
2020-09-29 00:00:00+00:00,29126,-8551,2022-09-13 14:16:09.004000+00:00
2020-10-06 00:00:00+00:00,17423,-9439,2022-09-13 14:16:09.004000+00:00
2020-10-13 00:00:00+00:00,10311,-898,2022-09-13 14:16:09.004000+00:00
2020-10-20 00:00:00+00:00,9814,-211,2022-09-13 14:16:09.004000+00:00
2020-10-27 00:00:00+00:00,4413,2930,2022-09-13 14:16:09.004000+00:00
2020-11-03 00:00:00+00:00,-10123,5351,2022-09-13 14:16:09.004000+00:00
2020-11-10 00:00:00+00:00,-3327,1970,2022-09-13 14:16:09.004000+00:00
2020-11-17 00:00:00+00:00,-5611,800,2022-09-13 14:16:09.004000+00:00
2020-11-24 00:00:00+00:00,-1534,-639,2022-09-13 14:16:09.004000+00:00
2020-12-01 00:00:00+00:00,5546,1281,2022-09-13 14:16:09.004000+00:00
2020-12-08 00:00:00+00:00,13539,4541,2022-09-13 14:16:09.004000+00:00
2020-12-15 00:00:00+00:00,18057,-2662,2022-09-13 14:16:09.004000+00:00
2020-12-21 00:00:00+00:00,18361,-675,2022-09-13 14:16:09.004000+00:00
2020-12-29 00:00:00+00:00,16610,394,2022-09-13 14:16:09.004000+00:00
2021-01-05 00:00:00+00:00,12866,-196,2022-09-13 14:16:09.004000+00:00
2021-01-12 00:00:00+00:00,23656,-3679,2022-09-13 14:16:09.004000+00:00
2021-01-19 00:00:00+00:00,31244,-5654,2022-09-13 14:16:09.004000+00:00
2021-01-26 00:00:00+00:00,29536,-6545,2022-09-13 14:16:09.004000+00:00
2021-02-02 00:00:00+00:00,22121,-6673,2022-09-13 14:16:09.004000+00:00
2021-02-09 00:00:00+00:00,22463,-8068,2022-09-13 14:16:09.004000+00:00
2021-02-16 00:00:00+00:00,19428,-6887,2022-09-13 14:16:09.004000+00:00
2021-02-23 00:00:00+00:00,18086,-7735,2022-09-13 14:16:09.004000+00:00
2021-03-02 00:00:00+00:00,18228,-11185,2022-09-13 14:16:09.004000+00:00
2021-03-09 00:00:00+00:00,74,-16501,2022-09-13 14:16:09.004000+00:00
2021-03-16 00:00:00+00:00,-11823,-4988,2022-09-13 14:16:09.004000+00:00
2021-03-23 00:00:00+00:00,-6662,-5407,2022-09-13 14:16:09.004000+00:00
2021-03-30 00:00:00+00:00,-6780,-7297,2022-09-13 14:16:09.004000+00:00
2021-04-06 00:00:00+00:00,-12089,-8689,2022-09-13 14:16:09.004000+00:00
2021-04-13 00:00:00+00:00,-10215,-9754,2022-09-13 14:16:09.004000+00:00
2021-04-20 00:00:00+00:00,16,-7981,2022-09-13 14:16:09.004000+00:00
2021-04-27 00:00:00+00:00,-38,-3867,2022-09-13 14:16:09.004000+00:00
2021-05-04 00:00:00+00:00,-3820,-5381,2022-09-13 14:16:09.004000+00:00
2021-05-11 00:00:00+00:00,2427,-2391,2022-09-13 14:16:09.004000+00:00
2021-05-18 00:00:00+00:00,-3319,-3870,2022-09-13 14:16:09.004000+00:00
2021-05-25 00:00:00+00:00,-2503,-1942,2022-09-13 14:16:09.004000+00:00
2021-06-01 00:00:00+00:00,-163,1647,2022-09-13 14:16:09.004000+00:00
2021-06-08 00:00:00+00:00,-7002,475,2022-09-13 14:16:09.004000+00:00
2021-06-15 00:00:00+00:00,-2743,-7799,2022-09-13 14:16:09.004000+00:00
2021-06-22 00:00:00+00:00,-16125,-11189,2022-09-13 14:16:09.004000+00:00
2021-06-29 00:00:00+00:00,-12750,-13318,2022-09-13 14:16:09.004000+00:00
2021-07-06 00:00:00+00:00,-15950,-5917,2022-09-13 14:16:09.004000+00:00
2021-07-13 00:00:00+00:00,-22141,-2893,2022-09-13 14:16:09.004000+00:00
2021-07-20 00:00:00+00:00,-33736,-2722,2022-09-13 14:16:09.004000+00:00
2021-07-27 00:00:00+00:00,-33184,-1422,2022-09-13 14:16:09.004000+00:00
2021-08-03 00:00:00+00:00,-37741,1999,2022-09-13 14:16:09.004000+00:00
2021-08-10 00:00:00+00:00,-38023,4213,2022-09-13 14:16:09.004000+00:00
2021-08-17 00:00:00+00:00,-33497,2577,2022-09-13 14:16:09.004000+00:00
2021-08-24 00:00:00+00:00,-20839,-2033,2022-09-13 14:16:09.004000+00:00
2021-08-31 00:00:00+00:00,-38048,-2968,2022-09-13 14:16:09.004000+00:00
2021-09-07 00:00:00+00:00,-31275,2412,2022-09-13 14:16:09.004000+00:00
2021-09-14 00:00:00+00:00,-26144,6181,2022-09-13 14:16:09.004000+00:00
2021-09-21 00:00:00+00:00,-29727,6573,2022-09-13 14:16:09.004000+00:00
2021-09-28 00:00:00+00:00,-45288,2631,2022-09-13 14:16:09.004000+00:00
2021-10-05 00:00:00+00:00,-71474,6596,2022-09-13 14:16:09.004000+00:00
2021-10-12 00:00:00+00:00,-63602,7835,2022-09-13 14:16:09.004000+00:00
2021-10-19 00:00:00+00:00,-53191,8835,2022-09-13 14:16:09.004000+00:00
2021-10-26 00:00:00+00:00,-50571,9053,2022-09-13 14:16:09.004000+00:00
2021-11-02 00:00:00+00:00,-41307,10089,2022-09-13 14:16:09.004000+00:00
2021-11-09 00:00:00+00:00,-35132,11019,2022-09-13 14:16:09.004000+00:00
2021-11-16 00:00:00+00:00,-40417,11414,2022-09-13 14:16:09.004000+00:00
2021-11-23 00:00:00+00:00,-49969,10631,2022-09-13 14:16:09.004000+00:00
2021-11-30 00:00:00+00:00,-50448,11840,2022-09-13 14:16:09.004000+00:00
2021-12-07 00:00:00+00:00,-47748,8894,2022-09-13 14:16:09.004000+00:00
2021-12-14 00:00:00+00:00,-53645,1869,2022-09-13 14:16:09.004000+00:00
2021-12-21 00:00:00+00:00,-51672,3556,2022-09-13 14:16:09.004000+00:00
2021-12-28 00:00:00+00:00,-50401,4009,2022-09-13 14:16:09.004000+00:00
2022-01-04 00:00:00+00:00,-49860,6278,2022-09-13 14:16:09.004000+00:00
2022-01-11 00:00:00+00:00,-47674,4552,2022-09-13 14:16:09.004000+00:00
2022-01-18 00:00:00+00:00,-43778,9930,2022-09-13 14:16:09.004000+00:00
2022-01-25 00:00:00+00:00,-43643,11538,2022-09-13 14:16:09.004000+00:00
2022-02-01 00:00:00+00:00,-43189,4438,2022-09-13 14:16:09.004000+00:00
2022-02-08 00:00:00+00:00,-33845,6424,2022-09-13 14:16:09.004000+00:00
2022-02-15 00:00:00+00:00,-39022,6352,2022-09-13 14:16:09.004000+00:00
2022-02-22 00:00:00+00:00,-30585,7054,2022-09-13 14:16:09.004000+00:00
2022-03-01 00:00:00+00:00,-18155,10870,2022-09-13 14:16:09.004000+00:00
2022-03-08 00:00:00+00:00,-6887,7171,2022-09-13 14:16:09.004000+00:00
2022-03-15 00:00:00+00:00,-26620,-4625,2022-09-13 14:16:09.004000+00:00
2022-03-22 00:00:00+00:00,-15397,-9492,2022-09-13 14:16:09.004000+00:00
2022-03-29 00:00:00+00:00,-9963,-9744,2022-09-13 14:16:09.004000+00:00
2022-04-05 00:00:00+00:00,-5852,-1996,2022-09-13 14:16:09.004000+00:00
2022-04-12 00:00:00+00:00,7407,-6524,2022-09-13 14:16:09.004000+00:00
2022-04-19 00:00:00+00:00,-5041,-5859,2022-09-13 14:16:09.004000+00:00
2022-04-26 00:00:00+00:00,-10713,-7048,2022-09-13 14:16:09.004000+00:00
2022-05-03 00:00:00+00:00,-20165,-4423,2022-09-13 14:16:09.004000+00:00
2022-05-10 00:00:00+00:00,-18063,-7164,2022-09-13 14:16:09.004000+00:00
2022-05-17 00:00:00+00:00,-14976,-11769,2022-09-13 14:16:09.004000+00:00
2022-05-24 00:00:00+00:00,-11183,-12085,2022-09-13 14:16:09.004000+00:00
2022-05-31 00:00:00+00:00,-2795,-14729,2022-09-13 14:16:09.004000+00:00
2022-06-07 00:00:00+00:00,2249,-15472,2022-09-13 14:16:09.004000+00:00
2022-06-14 00:00:00+00:00,-10632,-3243,2022-09-13 14:16:09.004000+00:00
2022-06-21 00:00:00+00:00,-2596,499,2022-09-13 14:16:09.004000+00:00
2022-06-28 00:00:00+00:00,-2361,-537,2022-09-13 14:16:09.004000+00:00
2022-07-05 00:00:00+00:00,-9594,2631,2022-09-13 14:16:09.004000+00:00
2022-07-12 00:00:00+00:00,-7622,386,2022-09-13 14:16:09.004000+00:00
2022-07-19 00:00:00+00:00,-22995,863,2022-09-13 14:16:09.004000+00:00
2022-07-26 00:00:00+00:00,-31035,-412,2022-09-13 14:16:09.004000+00:00
2022-08-02 00:00:00+00:00,-22700,2783,2022-09-13 14:16:09.004000+00:00
2022-08-09 00:00:00+00:00,-16608,1642,2022-09-13 14:16:09.004000+00:00
2022-08-16 00:00:00+00:00,-22170,2471,2022-09-13 14:16:09.004000+00:00
2022-08-23 00:00:00+00:00,-18882,9214,2022-09-13 14:16:09.004000+00:00
2022-08-30 00:00:00+00:00,-25358,6356,2022-09-13 14:16:09.004000+00:00
2022-09-06 00:00:00+00:00,-23444,5311,2022-09-13 14:16:09.004000+00:00
2022-09-13 00:00:00+00:00,-28625,6245,2022-09-16 19:30:04.084000+00:00
2022-09-20 00:00:00+00:00,-27803,-12114,2022-09-23 19:30:04.087000+00:00
2022-09-27 00:00:00+00:00,-26891,-11133,2022-09-30 19:30:03.665000+00:00
2022-10-04 00:00:00+00:00,-18311,-9372,2022-10-07 19:30:04.433000+00:00
2022-10-11 00:00:00+00:00,-19190,-8997,2022-10-14 19:30:04.214000+00:00
2022-10-18 00:00:00+00:00,-10816,-11660,2022-10-21 19:30:05.398000+00:00
2022-10-25 00:00:00+00:00,-5204,-11798,2022-10-28 19:30:04.675000+00:00
2022-11-01 00:00:00+00:00,4211,-6091,2022-11-04 19:30:04.604000+00:00
2022-11-08 00:00:00+00:00,6819,-7361,2022-11-14 20:30:04.722000+00:00
2022-11-15 00:00:00+00:00,-27,-2642,2022-11-18 20:30:05.410000+00:00
2022-11-22 00:00:00+00:00,6541,-1320,2022-11-28 20:30:06.167000+00:00
2022-11-29 00:00:00+00:00,-3344,395,2022-12-02 20:30:03.753000+00:00
2022-12-06 00:00:00+00:00,-4907,3474,2022-12-09 20:30:04.349000+00:00
2022-12-13 00:00:00+00:00,-10957,2349,2022-12-16 20:30:04.440000+00:00
2022-12-20 00:00:00+00:00,-16694,-11273,2022-12-23 20:30:04.109000+00:00
2022-12-27 00:00:00+00:00,-11134,-10266,2022-12-30 20:30:03.832000+00:00
2023-01-03 00:00:00+00:00,-5689,-8707,2023-01-06 20:30:04.312000+00:00
2023-01-10 00:00:00+00:00,-6374,-9286,2023-01-13 20:30:04.564000+00:00
2023-01-17 00:00:00+00:00,-13887,-6846,2023-01-20 20:30:04.027000+00:00
2023-01-24 00:00:00+00:00,-10864,-6683,2023-01-27 20:30:03.795000+00:00
2023-01-31 00:00:00+00:00,5056,-5100,2023-02-24 20:30:04.153000+00:00
2023-02-07 00:00:00+00:00,15575,-4304,2023-03-03 20:30:04.358000+00:00
2023-02-14 00:00:00+00:00,21408,-4387,2023-03-08 20:30:04.439000+00:00
2023-02-21 00:00:00+00:00,23229,-7248,2023-03-10 20:30:04.044000+00:00
2023-02-28 00:00:00+00:00,26927,-10371,2023-03-14 19:30:04.870000+00:00
2023-03-07 00:00:00+00:00,15887,-7266,2023-03-16 19:30:04.278000+00:00
2023-03-14 00:00:00+00:00,7645,-8977,2023-03-21 19:30:06.908000+00:00
2023-03-21 00:00:00+00:00,13341,-8662,2023-03-24 19:30:04.119000+00:00
2023-03-28 00:00:00+00:00,3013,-6362,2023-03-31 19:30:04.772000+00:00
2023-04-04 00:00:00+00:00,3485,-3451,2023-04-07 19:30:04.529000+00:00
2023-04-11 00:00:00+00:00,7626,26,2023-04-14 19:30:04.026000+00:00
2023-04-18 00:00:00+00:00,8324,819,2023-04-21 19:30:03.889000+00:00
2023-04-25 00:00:00+00:00,13376,631,2023-04-28 19:30:05.071000+00:00
2023-05-02 00:00:00+00:00,14789,1894,2023-05-05 19:30:04.892000+00:00
2023-05-09 00:00:00+00:00,13403,6263,2023-05-12 19:30:04.585000+00:00
2023-05-16 00:00:00+00:00,15268,2529,2023-05-19 19:30:04.296000+00:00
2023-05-23 00:00:00+00:00,14247,-218,2023-05-26 19:30:03.625000+00:00
2023-05-30 00:00:00+00:00,19296,-2971,2023-06-02 19:30:04.213000+00:00
2023-06-06 00:00:00+00:00,23393,-2723,2023-06-09 19:30:04.246000+00:00
2023-06-13 00:00:00+00:00,20199,-2548,2023-06-16 19:30:04.320000+00:00
2023-06-20 00:00:00+00:00,6332,2685,2023-06-23 19:30:05.003000+00:00
2023-06-27 00:00:00+00:00,14239,3470,2023-06-30 19:30:04.021000+00:00
2023-07-03 00:00:00+00:00,17473,3303,2023-07-07 19:30:04.563000+00:00
2023-07-11 00:00:00+00:00,9597,4505,2023-07-14 19:30:04.157000+00:00
2023-07-18 00:00:00+00:00,21491,11800,2023-07-21 19:30:03.964000+00:00
2023-07-25 00:00:00+00:00,26054,9918,2023-07-28 19:30:04.017000+00:00
2023-08-01 00:00:00+00:00,18712,6181,2023-08-04 19:30:04.566000+00:00
2023-08-08 00:00:00+00:00,11010,3225,2023-08-11 19:30:04.967000+00:00
2023-08-15 00:00:00+00:00,23055,-1604,2023-08-18 19:30:04.080000+00:00
2023-08-22 00:00:00+00:00,31706,-8982,2023-08-25 19:30:04.417000+00:00
2023-08-29 00:00:00+00:00,28415,-12162,2023-09-01 19:30:04.208000+00:00
2023-09-05 00:00:00+00:00,24070,-10099,2023-09-08 19:30:04.857000+00:00
2023-09-12 00:00:00+00:00,13429,-9525,2023-09-15 19:30:04.193000+00:00
2023-09-19 00:00:00+00:00,4862,905,2023-09-22 19:30:04.117000+00:00
2023-09-26 00:00:00+00:00,11875,1166,2023-09-29 19:30:04.653000+00:00
2023-10-03 00:00:00+00:00,13203,3044,2023-10-06 19:30:03.866000+00:00
2023-10-10 00:00:00+00:00,-962,4591,2023-10-13 19:30:04.729000+00:00
2023-10-17 00:00:00+00:00,4299,2477,2023-10-20 19:30:04.553000+00:00
2023-10-24 00:00:00+00:00,9025,4055,2023-10-27 19:30:04.224000+00:00
2023-10-31 00:00:00+00:00,5473,3533,2023-11-03 19:30:04.510000+00:00
2023-11-07 00:00:00+00:00,5370,6918,2023-11-13 20:30:52.653000+00:00
2023-11-14 00:00:00+00:00,7125,5839,2023-11-17 20:30:51.427000+00:00
2023-11-21 00:00:00+00:00,8063,7243,2023-11-27 20:30:49.976000+00:00
2023-11-28 00:00:00+00:00,10184,12923,2023-12-01 20:30:50.129000+00:00
2023-12-05 00:00:00+00:00,12108,15755,2023-12-08 20:30:49.987000+00:00
2023-12-12 00:00:00+00:00,16641,16498,2023-12-15 20:30:50.334000+00:00
2023-12-19 00:00:00+00:00,-7465,54,2023-12-22 20:30:50.715000+00:00
2023-12-26 00:00:00+00:00,-4233,1309,2023-12-29 20:30:51.281000+00:00
2024-01-02 00:00:00+00:00,12711,3549,2024-01-05 20:30:50.739000+00:00
2024-01-09 00:00:00+00:00,15861,1940,2024-01-12 20:30:51.993000+00:00
2024-01-16 00:00:00+00:00,11945,-496,2024-01-19 20:30:51.121000+00:00
2024-01-23 00:00:00+00:00,3568,-4948,2024-01-26 20:30:52.712000+00:00
2024-01-30 00:00:00+00:00,10549,-5820,2024-02-02 20:30:50.336000+00:00
2024-02-06 00:00:00+00:00,-5332,-5501,2024-02-09 20:30:48.709000+00:00
2024-02-13 00:00:00+00:00,-5785,-7327,2024-02-16 20:30:50.059000+00:00
2024-02-20 00:00:00+00:00,10327,-10001,2024-02-23 20:30:50.478000+00:00
2024-02-27 00:00:00+00:00,6375,-10030,2024-03-01 20:30:49.931000+00:00
2024-03-05 00:00:00+00:00,9439,-8914,2024-03-08 20:30:49.402000+00:00
2024-03-12 00:00:00+00:00,3717,-3700,2024-03-15 19:30:50.867000+00:00
2024-03-19 00:00:00+00:00,-3642,-5787,2024-03-22 19:30:49.469000+00:00
2024-03-26 00:00:00+00:00,-9126,-11226,2024-03-29 20:12:13.902000+00:00
2024-04-02 00:00:00+00:00,-9393,-15122,2024-04-05 19:30:50.116000+00:00
2024-04-09 00:00:00+00:00,-21555,-17283,2024-04-12 19:30:50.644000+00:00
2024-04-16 00:00:00+00:00,-34545,-17987,2024-04-19 19:30:58.636000+00:00
2024-04-23 00:00:00+00:00,-35467,-19178,2024-04-26 19:30:49.947000+00:00
2024-04-30 00:00:00+00:00,-23184,-20161,2024-05-03 19:30:50.935000+00:00
2024-05-07 00:00:00+00:00,-16801,-19030,2024-05-10 19:30:50.629000+00:00
2024-05-14 00:00:00+00:00,-7085,-17656,2024-05-17 19:30:50.179000+00:00
2024-05-21 00:00:00+00:00,-2379,-15937,2024-05-24 19:30:46.910000+00:00
2024-05-28 00:00:00+00:00,7346,-16273,2024-05-31 19:30:46.620000+00:00
2024-06-04 00:00:00+00:00,12343,-16810,2024-06-07 19:30:47.741000+00:00
2024-06-11 00:00:00+00:00,-1392,-13073,2024-06-14 19:30:47.526000+00:00
2024-06-18 00:00:00+00:00,-8819,4398,2024-06-24 19:30:47.091000+00:00
2024-06-25 00:00:00+00:00,-11599,3896,2024-06-28 19:30:47.355000+00:00
2024-07-02 00:00:00+00:00,-9449,-147,2024-07-08 19:30:46.073000+00:00
2024-07-09 00:00:00+00:00,-5473,1812,2024-07-12 19:30:46.675000+00:00
2024-07-16 00:00:00+00:00,7389,8057,2024-07-19 19:30:45.916000+00:00
2024-07-23 00:00:00+00:00,4340,10903,2024-07-26 19:30:46.451000+00:00
2024-07-30 00:00:00+00:00,-18164,11367,2024-08-02 19:30:45.314000+00:00
2024-08-06 00:00:00+00:00,-14608,19126,2024-08-09 19:30:45.161000+00:00
2024-08-13 00:00:00+00:00,-23418,22263,2024-08-16 19:30:45.925000+00:00
2024-08-20 00:00:00+00:00,-2684,23561,2024-08-23 19:30:46.344000+00:00
2024-08-27 00:00:00+00:00,20468,25164,2024-08-30 19:30:46.453000+00:00
2024-09-03 00:00:00+00:00,25852,26542,2024-09-06 19:30:46.399000+00:00
2024-09-10 00:00:00+00:00,12827,26733,2024-09-13 19:30:47.888000+00:00
2024-09-17 00:00:00+00:00,5718,912,2024-09-20 19:30:49.255000+00:00
2024-09-24 00:00:00+00:00,4766,1548,2024-09-27 19:30:48.505000+00:00
2024-10-01 00:00:00+00:00,-103,3821,2024-10-04 19:30:48.232000+00:00
2024-10-08 00:00:00+00:00,17906,-3869,2024-10-11 19:30:48.399000+00:00
2024-10-15 00:00:00+00:00,12903,-5560,2024-10-18 19:30:47.715000+00:00
2024-10-22 00:00:00+00:00,-10156,-9664,2024-10-25 19:30:48.698000+00:00
2024-10-29 00:00:00+00:00,-30212,-11823,2024-11-01 19:30:48.181000+00:00
2024-11-05 00:00:00+00:00,-24034,-12747,2024-11-08 20:30:50.354000+00:00
2024-11-12 00:00:00+00:00,-29013,-15607,2024-11-15 20:30:48.547000+00:00
2024-11-19 00:00:00+00:00,-39811,-17130,2024-11-22 20:30:47.192000+00:00
2024-11-26 00:00:00+00:00,-29956,-17808,2024-12-02 20:30:50.678000+00:00
2024-12-03 00:00:00+00:00,-36202,-17617,2024-12-06 20:30:48.367000+00:00
2024-12-10 00:00:00+00:00,-43921,-18242,2024-12-13 20:30:47.895000+00:00
2024-12-17 00:00:00+00:00,-38245,-7619,2024-12-20 20:30:47.722000+00:00
2024-12-24 00:00:00+00:00,-46532,-9690,2024-12-30 20:30:48.277000+00:00
2024-12-31 00:00:00+00:00,-41840,-9278,2025-01-06 20:30:51.031000+00:00
2025-01-07 00:00:00+00:00,-41588,-11542,2025-01-13 20:31:18.021000+00:00
2025-01-14 00:00:00+00:00,-39799,-8348,2025-01-17 20:30:58.325000+00:00
2025-01-21 00:00:00+00:00,-35234,-1968,2025-01-24 20:30:48.432000+00:00
2025-01-28 00:00:00+00:00,-34296,507,2025-01-31 20:30:48.094000+00:00
2025-02-04 00:00:00+00:00,-22177,1833,2025-02-07 20:30:47.629000+00:00
2025-02-11 00:00:00+00:00,-20827,2469,2025-02-14 20:30:48.005000+00:00
2025-02-18 00:00:00+00:00,-11227,5505,2025-02-21 20:30:48.859000+00:00
2025-02-25 00:00:00+00:00,-5296,6606,2025-02-28 20:30:50.985000+00:00
2025-03-04 00:00:00+00:00,-8222,10000,2025-03-07 20:30:48.431000+00:00
2025-03-11 00:00:00+00:00,-5919,14169,2025-03-14 19:30:48.749000+00:00
2025-03-18 00:00:00+00:00,13859,-297,2025-03-21 19:30:48.686000+00:00
2025-03-25 00:00:00+00:00,26376,-187,2025-03-28 19:30:48.880000+00:00
2025-04-01 00:00:00+00:00,32890,1981,2025-04-04 19:30:47.906000+00:00
2025-04-08 00:00:00+00:00,33078,3534,2025-04-11 19:30:47.258000+00:00
2025-04-15 00:00:00+00:00,21806,8111,2025-04-18 19:30:47.228000+00:00
2025-04-22 00:00:00+00:00,14710,9473,2025-04-25 19:30:48.739000+00:00
2025-04-29 00:00:00+00:00,17315,10632,2025-05-02 19:30:48.148000+00:00
2025-05-06 00:00:00+00:00,5745,11932,2025-05-09 19:30:49.962000+00:00
2025-05-13 00:00:00+00:00,20153,8285,2025-05-16 19:30:48.372000+00:00
2025-05-20 00:00:00+00:00,6933,10262,2025-05-23 19:30:49.192000+00:00
2025-05-27 00:00:00+00:00,-904,12711,2025-05-30 19:30:48.624000+00:00
2025-06-03 00:00:00+00:00,-1911,9758,2025-06-06 19:30:49.763000+00:00
2025-06-10 00:00:00+00:00,11976,12990,2025-06-13 19:30:51.090000+00:00
2025-06-17 00:00:00+00:00,15429,2155,2025-06-23 19:30:47.913000+00:00
2025-06-24 00:00:00+00:00,21093,-390,2025-06-27 19:30:49.284000+00:00
2025-07-01 00:00:00+00:00,15221,2752,2025-07-07 19:30:49.230000+00:00
2025-07-08 00:00:00+00:00,29123,1608,2025-07-11 19:30:51.372000+00:00
2025-07-15 00:00:00+00:00,38524,3339,2025-07-18 21:45:32.160000+00:00
2025-07-22 00:00:00+00:00,28409,917,2025-07-25 19:30:50.247000+00:00
2025-07-29 00:00:00+00:00,30862,-2865,2025-08-01 19:30:49.435000+00:00
2025-08-05 00:00:00+00:00,34208,-6056,2025-08-08 19:30:49.273000+00:00
2025-08-12 00:00:00+00:00,34938,-6620,2025-08-15 19:30:49.328000+00:00
2025-08-19 00:00:00+00:00,33226,-3807,2025-08-22 19:30:48.116000+00:00
2025-08-26 00:00:00+00:00,34207,-1920,2025-08-29 19:30:46.748000+00:00
2025-09-02 00:00:00+00:00,29673,-757,2025-09-05 19:30:47.507000+00:00
2025-09-09 00:00:00+00:00,32612,3236,2025-09-12 19:30:47.287000+00:00
2025-09-16 00:00:00+00:00,26237,-5906,2025-09-19 19:30:46.179000+00:00
2025-09-23 00:00:00+00:00,19803,-5212,2025-09-26 19:30:45.671000+00:00
2025-09-30 00:00:00+00:00,22277,-11331,2025-11-19 20:30:44.459000+00:00
2025-10-07 00:00:00+00:00,21385,-12451,2025-11-21 20:30:45.810000+00:00
2025-10-14 00:00:00+00:00,22278,-16536,2025-11-25 20:30:46.667000+00:00
2025-10-21 00:00:00+00:00,22464,-17830,2025-12-02 20:30:46.183000+00:00
2025-10-28 00:00:00+00:00,17343,-15282,2025-12-05 20:30:45.213000+00:00
2025-11-04 00:00:00+00:00,5182,-20858,2025-12-09 20:30:46.275000+00:00
2025-11-10 00:00:00+00:00,-5661,-20142,2025-12-10 20:30:48.134000+00:00
2025-11-18 00:00:00+00:00,12421,-23336,2025-12-12 20:30:48.298000+00:00
2025-11-25 00:00:00+00:00,14724,-24785,2025-12-15 20:30:46.283000+00:00
2025-12-02 00:00:00+00:00,19272,-23268,2025-12-17 20:30:47.504000+00:00
2025-12-09 00:00:00+00:00,41605,-21260,2025-12-19 20:30:46.214000+00:00
2025-12-16 00:00:00+00:00,51301,-2207,2025-12-23 20:30:45.430000+00:00
2025-12-23 00:00:00+00:00,56107,-1326,2025-12-31 20:30:46.584000+00:00
2025-12-30 00:00:00+00:00,52662,-2,2026-01-05 20:30:44.712000+00:00
2026-01-06 00:00:00+00:00,50600,766,2026-01-09 20:30:46.850000+00:00
2026-01-13 00:00:00+00:00,25392,-3309,2026-01-16 20:30:52.448000+00:00
2026-01-20 00:00:00+00:00,10236,-4122,2026-01-23 20:30:58.837000+00:00
2026-01-27 00:00:00+00:00,26361,375,2026-01-30 20:31:03.743000+00:00
2026-02-03 00:00:00+00:00,42055,757,2026-02-06 20:31:08.963000+00:00
2026-02-10 00:00:00+00:00,50204,2649,2026-02-13 20:31:04.204000+00:00
2026-02-17 00:00:00+00:00,43549,1892,2026-02-20 20:31:07.091000+00:00
2026-02-24 00:00:00+00:00,36797,850,2026-02-27 20:30:57.879000+00:00
2026-03-03 00:00:00+00:00,29632,-4547,2026-03-06 20:31:03.947000+00:00
2026-03-10 00:00:00+00:00,5231,-11683,2026-03-13 19:30:58.405000+00:00
2026-03-17 00:00:00+00:00,-6952,-5615,2026-03-20 19:30:58.458000+00:00
2026-03-24 00:00:00+00:00,-13538,-6921,2026-03-27 19:31:05.795000+00:00
2026-03-31 00:00:00+00:00,3947,-8832,2026-04-03 19:31:05.924000+00:00
2026-04-07 00:00:00+00:00,882,-8641,2026-04-10 19:31:07.129000+00:00
2026-04-14 00:00:00+00:00,25382,-3095,2026-04-17 19:31:12.677000+00:00
2026-04-21 00:00:00+00:00,20317,-2409,2026-04-24 19:31:17.366000+00:00
2026-04-28 00:00:00+00:00,11594,-3161,2026-05-01 19:30:53.890000+00:00
2026-05-05 00:00:00+00:00,11846,-5805,2026-05-08 19:31:06.711000+00:00
2026-05-12 00:00:00+00:00,18003,-4751,2026-05-15 19:30:56.986000+00:00
2026-05-19 00:00:00+00:00,16317,-11716,2026-05-22 19:30:55.580000+00:00
2026-05-26 00:00:00+00:00,7296,-12530,2026-05-29 19:30:56.769000+00:00
2026-06-02 00:00:00+00:00,12027,-11112,2026-06-05 19:30:56.262000+00:00
2026-06-09 00:00:00+00:00,-17388,-13656,2026-06-12 19:30:56.894000+00:00
2026-06-16 00:00:00+00:00,-8926,-1870,2026-06-22 19:30:53.455000+00:00
2026-06-23 00:00:00+00:00,-15410,-5352,2026-06-26 19:30:53.499000+00:00
2026-06-30 00:00:00+00:00,-32644,-5580,2026-07-06 19:30:52.611000+00:00
2026-07-07 00:00:00+00:00,-45461,-4454,2026-07-10 19:31:01.434000+00:00
2026-07-14 00:00:00+00:00,-53691,-4866,2026-07-17 20:54:53.634000+00:00
