horizon_bars,target_mult,stop_mult,scope,n_rows,mean_uniqueness,n_independent,mean_resolution_bars,median_resolution_bars,pct_resolved_target,pct_resolved_stop,pct_resolved_time,median_target_width_pips,p25_target_width_pips,cost_ratio_median_pct,cost_ratio_p25_pct,class_balance_pct_label1,tier_independence,tier_cost,viability
6,0.5,1.0,EURUSD,48254,0.238016,11485,3.552,3.0,51.85,21.35,26.8,11.596,8.94,12.935,16.778,58.8,GBM_plausible,marginal,VIABLE
6,0.5,1.0,GBPUSD,48254,0.237584,11464,3.59,3.0,49.92,21.71,28.37,16.035,12.743,9.355,11.771,58.14,GBM_plausible,comfortable,VIABLE
6,0.5,1.0,AUDUSD,48254,0.241124,11635,3.37,3.0,55.62,23.84,20.55,10.149,8.043,14.779,18.65,60.12,GBM_plausible,marginal,VIABLE
6,0.5,1.0,CHFUSD,48254,0.239891,11576,3.509,3.0,52.83,20.84,26.34,10.725,8.474,13.986,17.702,58.99,GBM_plausible,marginal,VIABLE
6,0.5,1.0,pooled,193016,0.239154,46161,3.505,3.0,52.55,21.93,25.51,11.922,9.094,12.581,16.494,59.01,GBM_plausible,marginal,VIABLE
6,1.0,1.0,EURUSD,48254,0.186512,9000,4.567,6.0,25.73,26.32,47.95,23.205,17.888,6.464,8.386,47.45,GBM_plausible,comfortable,VIABLE
6,1.0,1.0,GBPUSD,48254,0.188145,9079,4.548,6.0,24.85,26.71,48.44,32.09,25.498,4.674,5.883,47.53,GBM_plausible,comfortable,VIABLE
6,1.0,1.0,AUDUSD,48254,0.184682,8912,4.526,6.0,27.78,28.72,43.51,20.313,16.095,7.385,9.32,47.21,GBM_plausible,comfortable,VIABLE
6,1.0,1.0,CHFUSD,48254,0.186989,9023,4.56,6.0,26.28,25.64,48.08,21.461,16.955,6.989,8.847,46.54,GBM_plausible,comfortable,VIABLE
6,1.0,1.0,pooled,193016,0.186582,36013,4.55,6.0,26.16,26.85,46.99,23.858,18.196,6.287,8.243,47.18,GBM_plausible,comfortable,VIABLE
6,1.5,1.0,EURUSD,48254,0.17207,8303,4.941,6.0,13.25,27.76,58.99,34.824,26.842,4.307,5.588,44.51,GBM_plausible,comfortable,VIABLE
6,1.5,1.0,GBPUSD,48254,0.173517,8373,4.91,6.0,13.37,28.02,58.61,48.164,38.265,3.114,3.92,44.85,GBM_plausible,comfortable,VIABLE
6,1.5,1.0,AUDUSD,48254,0.170262,8216,4.942,6.0,13.61,29.7,56.7,30.49,24.156,4.92,6.21,44.54,GBM_plausible,comfortable,VIABLE
6,1.5,1.0,CHFUSD,48254,0.171861,8293,4.948,6.0,13.93,26.89,59.17,32.209,25.442,4.657,5.896,43.38,GBM_plausible,comfortable,VIABLE
6,1.5,1.0,pooled,193016,0.171927,33185,4.935,6.0,13.54,28.09,58.37,35.807,27.308,4.189,5.493,44.32,GBM_plausible,comfortable,VIABLE
6,2.0,1.0,EURUSD,48254,0.166901,8054,5.095,6.0,7.14,28.16,64.7,46.455,35.803,3.229,4.19,43.78,GBM_plausible,comfortable,VIABLE
6,2.0,1.0,GBPUSD,48254,0.16807,8110,5.065,6.0,7.43,28.42,64.15,64.256,51.045,2.334,2.939,44.13,GBM_plausible,comfortable,VIABLE
6,2.0,1.0,AUDUSD,48254,0.16541,7982,5.102,6.0,6.61,29.95,63.44,40.681,32.226,3.687,4.655,43.99,GBM_plausible,comfortable,VIABLE
6,2.0,1.0,CHFUSD,48254,0.166353,8027,5.109,6.0,7.9,27.24,64.87,42.968,33.937,3.491,4.42,42.55,GBM_plausible,comfortable,VIABLE
6,2.0,1.0,pooled,193016,0.166684,32173,5.093,6.0,7.27,28.44,64.29,47.771,36.427,3.14,4.118,43.61,GBM_plausible,comfortable,VIABLE
12,0.5,1.0,EURUSD,48248,0.148341,7157,6.483,6.0,54.7,22.74,22.56,16.401,12.645,9.146,11.862,60.61,GBM_plausible,comfortable,VIABLE
12,0.5,1.0,GBPUSD,48248,0.147716,7127,6.539,6.0,53.54,23.24,23.22,22.682,18.024,6.613,8.322,60.01,GBM_plausible,comfortable,VIABLE
12,0.5,1.0,AUDUSD,48248,0.151166,7293,6.125,5.0,57.36,25.02,17.62,14.356,11.377,10.448,13.185,61.56,GBM_plausible,marginal,VIABLE
12,0.5,1.0,CHFUSD,48248,0.148233,7152,6.492,6.0,54.22,22.47,23.32,15.17,11.985,9.888,12.515,59.64,GBM_plausible,comfortable,VIABLE
12,0.5,1.0,pooled,192992,0.148864,28730,6.409,6.0,54.95,23.37,21.68,16.864,12.863,8.895,11.661,60.46,GBM_plausible,comfortable,VIABLE
12,1.0,1.0,EURUSD,48248,0.107577,5190,8.66,11.0,27.89,28.53,43.59,32.826,25.304,4.569,5.928,48.22,GBM_plausible,comfortable,VIABLE
12,1.0,1.0,GBPUSD,48248,0.108117,5216,8.629,11.0,27.39,28.78,43.83,45.402,36.072,3.304,4.158,48.58,GBM_plausible,comfortable,VIABLE
12,1.0,1.0,AUDUSD,48248,0.107285,5176,8.589,10.0,29.59,30.29,40.12,28.74,22.771,5.219,6.587,48.68,GBM_plausible,comfortable,VIABLE
12,1.0,1.0,CHFUSD,48248,0.107204,5172,8.7,11.0,27.74,27.83,44.42,30.361,23.985,4.94,6.254,46.97,GBM_plausible,comfortable,VIABLE
12,1.0,1.0,pooled,192992,0.107546,20755,8.645,11.0,28.15,28.86,42.99,33.754,25.743,4.444,5.827,48.11,GBM_plausible,comfortable,VIABLE
12,1.5,1.0,EURUSD,48248,0.097218,4691,9.508,12.0,14.4,30.13,55.46,49.275,37.978,3.044,3.95,45.09,marginal,comfortable,MARGINAL
12,1.5,1.0,GBPUSD,48248,0.09783,4720,9.456,12.0,14.57,30.27,55.15,68.16,54.145,2.201,2.77,45.57,marginal,comfortable,MARGINAL
12,1.5,1.0,AUDUSD,48248,0.096353,4649,9.551,12.0,14.08,31.52,54.4,43.152,34.184,3.476,4.388,45.63,marginal,comfortable,MARGINAL
12,1.5,1.0,CHFUSD,48248,0.096907,4676,9.544,12.0,15.03,29.1,55.87,45.575,35.998,3.291,4.167,44.23,marginal,comfortable,MARGINAL
12,1.5,1.0,pooled,192992,0.097077,18735,9.515,12.0,14.52,30.26,55.22,50.673,38.639,2.96,3.882,45.13,GBM_plausible,comfortable,VIABLE
12,2.0,1.0,EURUSD,48248,0.09366,4519,9.863,12.0,7.87,30.52,61.61,65.748,50.666,2.281,2.961,44.35,marginal,comfortable,MARGINAL
12,2.0,1.0,GBPUSD,48248,0.094143,4542,9.833,12.0,7.78,30.75,61.46,90.958,72.241,1.649,2.076,44.76,marginal,comfortable,MARGINAL
12,2.0,1.0,AUDUSD,48248,0.092842,4479,9.929,12.0,6.54,31.86,61.6,57.593,45.616,2.604,3.288,44.95,marginal,comfortable,MARGINAL
12,2.0,1.0,CHFUSD,48248,0.092898,4482,9.942,12.0,7.93,29.55,62.52,60.813,48.027,2.467,3.123,43.3,marginal,comfortable,MARGINAL
12,2.0,1.0,pooled,192992,0.093386,18023,9.892,12.0,7.53,30.67,61.8,67.62,51.553,2.218,2.91,44.34,GBM_plausible,comfortable,VIABLE
24,0.5,1.0,EURUSD,48236,0.085147,4107,11.703,10.0,58.12,25.3,16.57,23.199,17.886,6.466,8.386,61.76,marginal,comfortable,MARGINAL
24,0.5,1.0,GBPUSD,48236,0.084924,4096,11.696,10.0,57.63,26.42,15.95,32.087,25.495,4.675,5.883,61.35,marginal,comfortable,MARGINAL
24,0.5,1.0,AUDUSD,48236,0.087579,4224,11.364,9.0,59.09,25.41,15.5,20.308,16.093,7.386,9.321,62.89,marginal,comfortable,MARGINAL
24,0.5,1.0,CHFUSD,48236,0.084444,4073,11.87,10.0,57.24,25.11,17.66,21.457,16.952,6.991,8.848,61.03,marginal,comfortable,MARGINAL
24,0.5,1.0,pooled,192944,0.085524,16501,11.658,10.0,58.02,25.56,16.42,23.853,18.194,6.289,8.244,61.76,GBM_plausible,comfortable,VIABLE
24,1.0,1.0,EURUSD,48236,0.058331,2814,16.405,19.0,30.72,31.39,37.89,46.444,35.801,3.23,4.19,48.59,marginal,comfortable,MARGINAL
24,1.0,1.0,GBPUSD,48236,0.058712,2832,16.29,18.0,30.66,32.1,37.24,64.251,51.039,2.335,2.939,48.54,marginal,comfortable,MARGINAL
24,1.0,1.0,AUDUSD,48236,0.058458,2820,16.539,18.0,31.04,31.28,37.69,40.673,32.222,3.688,4.655,49.26,marginal,comfortable,MARGINAL
24,1.0,1.0,CHFUSD,48236,0.058046,2800,16.576,19.0,30.56,30.35,39.09,42.956,33.932,3.492,4.421,47.86,marginal,comfortable,MARGINAL
24,1.0,1.0,pooled,192944,0.058387,11265,16.452,19.0,30.75,31.28,37.97,47.762,36.424,3.141,4.118,48.56,GBM_plausible,comfortable,VIABLE
24,1.5,1.0,EURUSD,48236,0.052124,2514,18.349,24.0,15.72,32.65,51.63,69.74,53.744,2.151,2.791,45.55,marginal,comfortable,MARGINAL
24,1.5,1.0,GBPUSD,48236,0.052471,2531,18.293,24.0,15.22,33.43,51.36,96.49,76.633,1.555,1.957,45.46,marginal,comfortable,MARGINAL
24,1.5,1.0,AUDUSD,48236,0.051648,2491,18.702,24.0,14.6,32.52,52.88,61.095,48.388,2.455,3.1,46.36,marginal,comfortable,MARGINAL
24,1.5,1.0,CHFUSD,48236,0.051496,2484,18.611,24.0,15.5,31.5,53.0,64.499,50.94,2.326,2.945,44.74,marginal,comfortable,MARGINAL
24,1.5,1.0,pooled,192944,0.051935,10020,18.489,24.0,15.26,32.53,52.22,71.728,54.685,2.091,2.743,45.53,GBM_plausible,comfortable,VIABLE
24,2.0,1.0,EURUSD,48236,0.049891,2407,19.235,24.0,7.92,32.98,59.1,93.083,71.713,1.611,2.092,44.85,marginal,comfortable,MARGINAL
24,2.0,1.0,GBPUSD,48236,0.050264,2425,19.167,24.0,7.31,33.86,58.84,128.805,102.271,1.165,1.467,44.67,marginal,comfortable,MARGINAL
24,2.0,1.0,AUDUSD,48236,0.049555,2390,19.529,24.0,6.61,32.76,60.63,81.572,64.59,1.839,2.322,45.81,marginal,comfortable,MARGINAL
24,2.0,1.0,CHFUSD,48236,0.049262,2376,19.49,24.0,7.63,31.77,60.6,86.087,67.975,1.742,2.207,44.06,marginal,comfortable,MARGINAL
24,2.0,1.0,pooled,192944,0.049743,9598,19.355,24.0,7.37,32.84,59.79,95.747,72.979,1.567,2.055,44.85,GBM_plausible,comfortable,VIABLE
48,0.5,1.0,EURUSD,48212,0.047204,2276,21.759,17.0,58.76,25.73,15.51,32.821,25.3,4.57,5.929,62.4,marginal,comfortable,MARGINAL
48,0.5,1.0,GBPUSD,48212,0.047643,2297,21.59,17.0,58.48,26.83,14.7,45.398,36.065,3.304,4.159,61.94,marginal,comfortable,MARGINAL
48,0.5,1.0,AUDUSD,48212,0.048126,2320,21.629,17.0,59.35,25.97,14.68,28.727,22.768,5.222,6.588,62.71,marginal,comfortable,MARGINAL
48,0.5,1.0,CHFUSD,48212,0.046323,2233,22.528,18.0,57.86,25.27,16.87,30.35,23.979,4.942,6.255,61.84,marginal,comfortable,MARGINAL
48,0.5,1.0,pooled,192848,0.047324,9126,21.876,17.0,58.61,25.95,15.44,33.743,25.737,4.445,5.828,62.22,GBM_plausible,comfortable,VIABLE
48,1.0,1.0,EURUSD,48212,0.031063,1498,31.714,34.0,31.95,32.16,35.89,65.741,50.654,2.282,2.961,48.62,marginal,comfortable,MARGINAL
48,1.0,1.0,GBPUSD,48212,0.031354,1512,31.647,34.0,31.28,33.34,35.38,90.947,72.227,1.649,2.077,48.48,marginal,comfortable,MARGINAL
48,1.0,1.0,AUDUSD,48212,0.030764,1483,32.414,35.0,30.99,32.1,36.91,57.564,45.606,2.606,3.289,49.18,marginal,comfortable,MARGINAL
48,1.0,1.0,CHFUSD,48212,0.030623,1476,32.466,36.0,31.05,31.16,37.79,60.791,48.015,2.467,3.124,48.32,marginal,comfortable,MARGINAL
48,1.0,1.0,pooled,192848,0.030951,5969,32.06,35.0,31.32,32.19,36.49,67.599,51.542,2.219,2.91,48.65,GBM_plausible,comfortable,VIABLE
48,1.5,1.0,EURUSD,48212,0.027236,1313,36.086,48.0,17.08,33.3,49.61,98.755,76.066,1.519,1.972,45.7,marginal,comfortable,MARGINAL
48,1.5,1.0,GBPUSD,48212,0.027441,1323,36.042,48.0,15.51,34.9,49.59,136.653,108.485,1.098,1.383,45.14,marginal,comfortable,MARGINAL
48,1.5,1.0,AUDUSD,48212,0.026887,1296,36.917,48.0,15.01,33.35,51.64,86.516,68.516,1.734,2.189,46.09,marginal,comfortable,MARGINAL
48,1.5,1.0,CHFUSD,48212,0.026728,1289,36.812,48.0,16.2,32.39,51.4,91.321,72.105,1.643,2.08,44.98,marginal,comfortable,MARGINAL
48,1.5,1.0,pooled,192848,0.027073,5221,36.464,48.0,15.95,33.48,50.56,101.57,77.413,1.477,1.938,45.48,GBM_plausible,comfortable,VIABLE
48,2.0,1.0,EURUSD,48212,0.025902,1249,38.067,48.0,8.45,33.71,57.84,131.869,101.53,1.137,1.477,44.94,marginal,comfortable,MARGINAL
48,2.0,1.0,GBPUSD,48212,0.026177,1262,37.898,48.0,7.44,35.17,57.39,182.512,144.837,0.822,1.036,44.48,marginal,comfortable,MARGINAL
48,2.0,1.0,AUDUSD,48212,0.025755,1242,38.601,48.0,6.91,33.69,59.4,115.586,91.501,1.298,1.639,45.36,marginal,comfortable,MARGINAL
48,2.0,1.0,CHFUSD,48212,0.025471,1228,38.632,48.0,8.48,32.6,58.92,121.935,96.25,1.23,1.558,44.3,marginal,comfortable,MARGINAL
48,2.0,1.0,pooled,192848,0.025826,4981,38.3,48.0,7.82,33.79,58.39,135.642,103.358,1.106,1.451,44.77,marginal,comfortable,MARGINAL
120,0.5,1.0,EURUSD,48140,0.020278,976,51.687,40.0,58.67,27.22,14.11,51.912,40.012,2.89,3.749,62.26,not_trainable,comfortable,CLOSED
120,0.5,1.0,GBPUSD,48140,0.020605,992,51.594,40.0,57.74,28.26,14.0,71.81,57.042,2.089,2.63,61.02,not_trainable,comfortable,CLOSED
120,0.5,1.0,AUDUSD,48140,0.020531,988,51.664,40.0,60.07,26.65,13.28,45.447,36.017,3.301,4.165,63.71,not_trainable,comfortable,CLOSED
120,0.5,1.0,CHFUSD,48140,0.019875,957,53.871,43.0,58.83,25.73,15.44,47.999,37.917,3.125,3.956,62.46,not_trainable,comfortable,CLOSED
120,0.5,1.0,pooled,192560,0.020322,3913,52.204,41.0,58.83,26.96,14.21,53.366,40.709,2.811,3.685,62.36,marginal,comfortable,MARGINAL
120,1.0,1.0,EURUSD,48140,0.013133,632,76.607,78.0,33.05,33.38,33.57,104.06,80.162,1.441,1.871,49.17,not_trainable,comfortable,CLOSED
120,1.0,1.0,GBPUSD,48140,0.013154,633,77.301,80.0,31.74,34.84,33.42,144.02,114.326,1.042,1.312,48.17,not_trainable,comfortable,CLOSED
120,1.0,1.0,AUDUSD,48140,0.01286,619,79.093,83.0,32.04,32.92,35.04,91.172,72.215,1.645,2.077,50.35,not_trainable,comfortable,CLOSED
120,1.0,1.0,CHFUSD,48140,0.012697,611,80.09,87.0,31.85,31.36,36.79,96.222,75.974,1.559,1.974,49.37,not_trainable,comfortable,CLOSED
120,1.0,1.0,pooled,192560,0.012961,2496,78.273,82.0,32.17,33.13,34.71,107.017,81.588,1.402,1.839,49.27,marginal,comfortable,MARGINAL
120,1.5,1.0,EURUSD,48140,0.011324,545,88.832,114.0,17.2,34.9,47.9,156.449,120.441,0.959,1.245,45.43,not_trainable,comfortable,CLOSED
120,1.5,1.0,GBPUSD,48140,0.011414,549,88.917,114.0,15.9,36.21,47.89,216.603,171.858,0.693,0.873,44.83,not_trainable,comfortable,CLOSED
120,1.5,1.0,AUDUSD,48140,0.011146,537,90.865,120.0,14.97,34.63,50.41,137.179,108.584,1.093,1.381,46.74,not_trainable,comfortable,CLOSED
120,1.5,1.0,CHFUSD,48140,0.011071,533,91.37,120.0,16.47,32.29,51.24,144.664,114.173,1.037,1.314,46.42,not_trainable,comfortable,CLOSED
120,1.5,1.0,pooled,192560,0.011239,2164,89.996,118.0,16.13,34.51,49.36,160.934,122.637,0.932,1.223,45.86,marginal,comfortable,MARGINAL
120,2.0,1.0,EURUSD,48140,0.010771,519,93.51,120.0,9.38,35.34,55.28,209.07,160.871,0.717,0.932,44.44,not_trainable,comfortable,CLOSED
120,2.0,1.0,GBPUSD,48140,0.010837,522,93.788,120.0,7.24,36.45,56.31,289.574,229.631,0.518,0.653,44.18,not_trainable,comfortable,CLOSED
120,2.0,1.0,AUDUSD,48140,0.010623,511,95.504,120.0,6.1,35.07,58.83,183.457,145.135,0.818,1.034,45.75,not_trainable,comfortable,CLOSED
120,2.0,1.0,CHFUSD,48140,0.010525,507,96.031,120.0,9.22,32.52,58.26,193.323,152.497,0.776,0.984,45.73,not_trainable,comfortable,CLOSED
120,2.0,1.0,pooled,192560,0.010689,2058,94.708,120.0,7.98,34.84,57.17,215.142,163.862,0.697,0.915,45.03,marginal,comfortable,MARGINAL
240,0.5,1.0,EURUSD,48020,0.010503,504,100.699,76.0,59.79,26.28,13.93,73.464,56.574,2.042,2.651,63.88,not_trainable,comfortable,CLOSED
240,0.5,1.0,GBPUSD,48020,0.010705,514,101.359,77.0,57.56,28.41,14.03,101.729,80.78,1.475,1.857,61.53,not_trainable,comfortable,CLOSED
240,0.5,1.0,AUDUSD,48020,0.010494,504,102.483,78.0,60.19,26.58,13.23,64.329,50.949,2.332,2.944,64.07,not_trainable,comfortable,CLOSED
240,0.5,1.0,CHFUSD,48020,0.010203,490,105.5,84.0,60.91,24.36,14.74,67.88,53.618,2.21,2.798,64.73,not_trainable,comfortable,CLOSED
240,0.5,1.0,pooled,192080,0.010476,2012,102.51,79.0,59.61,26.41,13.98,75.538,57.584,1.986,2.605,63.55,marginal,comfortable,MARGINAL
240,1.0,1.0,EURUSD,48020,0.006682,321,153.725,157.0,32.65,32.21,35.14,147.418,113.42,1.018,1.323,50.07,not_trainable,comfortable,CLOSED
240,1.0,1.0,GBPUSD,48020,0.006783,326,152.853,155.0,31.74,35.04,33.22,204.229,162.054,0.734,0.926,48.78,not_trainable,comfortable,CLOSED
240,1.0,1.0,AUDUSD,48020,0.006504,312,158.095,168.0,31.62,33.4,34.97,129.205,102.251,1.161,1.467,50.96,not_trainable,comfortable,CLOSED
240,1.0,1.0,CHFUSD,48020,0.006474,311,160.108,172.0,32.86,29.84,37.3,136.203,107.512,1.101,1.395,51.66,not_trainable,comfortable,CLOSED
240,1.0,1.0,pooled,192080,0.006611,1270,156.195,163.0,32.22,32.62,35.16,151.628,115.512,0.989,1.299,50.37,marginal,comfortable,MARGINAL
240,1.5,1.0,EURUSD,48020,0.005768,277,176.608,233.0,17.36,33.76,48.89,221.858,170.554,0.676,0.879,46.07,not_trainable,comfortable,CLOSED
240,1.5,1.0,GBPUSD,48020,0.005823,280,177.039,227.0,15.46,36.89,47.65,307.521,243.814,0.488,0.615,45.11,not_trainable,comfortable,CLOSED
240,1.5,1.0,AUDUSD,48020,0.005611,269,182.659,240.0,14.29,34.65,51.06,194.654,153.923,0.771,0.975,47.25,not_trainable,comfortable,CLOSED
240,1.5,1.0,CHFUSD,48020,0.005637,271,182.605,240.0,17.11,30.97,51.92,204.978,161.684,0.732,0.928,48.33,not_trainable,comfortable,CLOSED
240,1.5,1.0,pooled,192080,0.00571,1097,179.728,240.0,16.06,34.07,49.88,228.291,173.794,0.657,0.863,46.69,marginal,comfortable,MARGINAL
240,2.0,1.0,EURUSD,48020,0.005452,262,186.623,240.0,9.62,34.17,56.21,296.759,227.965,0.505,0.658,45.2,not_trainable,comfortable,CLOSED
240,2.0,1.0,GBPUSD,48020,0.005526,265,186.411,240.0,7.23,37.51,55.27,411.585,326.074,0.364,0.46,44.14,not_trainable,comfortable,CLOSED
240,2.0,1.0,AUDUSD,48020,0.005358,257,191.795,240.0,5.65,34.8,59.55,260.7,205.934,0.575,0.728,46.38,not_trainable,comfortable,CLOSED
240,2.0,1.0,CHFUSD,48020,0.005339,256,192.243,240.0,9.23,31.17,59.6,274.204,216.138,0.547,0.694,47.61,not_trainable,comfortable,CLOSED
240,2.0,1.0,pooled,192080,0.005419,1041,189.268,240.0,7.93,34.41,57.66,305.52,232.429,0.491,0.645,45.83,marginal,comfortable,MARGINAL
