as_of_date,forecasting_date,direction,entry,exit,gross_pips,spread_pips,net_pips,net_return_pct,cum_net_pips,cum_net_return_pct,outcome
2026-06-22,2026-06-23,LONG,1.14266,1.13816,-45.0,1.5,-46.5,-0.4069,-46.5,-0.4069,loss
2026-06-23,2026-06-24,LONG,1.13791,1.13563,-22.8,1.5,-24.3,-0.2135,-70.8,-0.6204,loss
2026-06-24,2026-06-25,FLAT,1.13563,1.13706,0.0,0.0,0.0,0.0,-70.8,-0.6204,flat
2026-06-25,2026-06-26,SHORT,1.13706,1.13829,-12.3,1.5,-13.8,-0.1214,-84.6,-0.7418,loss
2026-06-26,2026-06-29,SHORT,1.13829,1.14249,-42.0,1.5,-43.5,-0.3822,-128.1,-1.124,loss
2026-06-29,2026-06-30,SHORT,1.14249,1.14225,2.4,1.5,0.9,0.0079,-127.2,-1.1161,win
2026-06-30,2026-07-01,FLAT,1.14225,1.13781,-0.0,0.0,-0.0,-0.0,-127.2,-1.1161,flat
2026-07-01,2026-07-02,SHORT,1.13781,1.14309,-52.8,1.5,-54.3,-0.4772,-181.5,-1.5933,loss
2026-07-02,2026-07-03,SHORT,1.14309,1.14281,2.8,1.5,1.3,0.0114,-180.2,-1.5819,win
